{
  "precision": 0.9466019417475728,
  "recall": 0.7784431137724551,
  "f1": 0.8543263964950711,
  "accuracy": 0.9335664335664335,
  "auc_roc": 0.9340559387554006,
  "auc_pr": 0.9098056286112068,
  "average_precision": 0.9098056286112068,
  "true_positives": 390,
  "true_negatives": 1479,
  "false_positives": 22,
  "false_negatives": 111,
  "mean_normal_error": 0.002145537713138662,
  "mean_anomaly_error": 0.08572401877336078,
  "std_normal_error": 0.0019573104390465507,
  "std_anomaly_error": 0.1440129300416016,
  "separability": 0.9771170593649877,
  "threshold": 0.008233986949780501,
  "threshold_method": "percentile_99",
  "all_thresholds": {
    "percentile_90": {
      "threshold": 0.004434004736075466,
      "metrics": {
        "precision": 0.7322033898305085,
        "recall": 0.8622754491017964,
        "f1": 0.7919340054995417,
        "accuracy": 0.8866133866133866,
        "auc_roc": 0.9340559387554006,
        "auc_pr": 0.9098056286112068,
        "average_precision": 0.9098056286112068,
        "true_positives": 432,
        "true_negatives": 1343,
        "false_positives": 158,
        "false_negatives": 69,
        "mean_normal_error": 0.002145537713138662,
        "mean_anomaly_error": 0.08572401877336078,
        "std_normal_error": 0.0019573104390465507,
        "std_anomaly_error": 0.1440129300416016,
        "separability": 0.9771170593649877
      }
    },
    "percentile_95": {
      "threshold": 0.006109624046974359,
      "metrics": {
        "precision": 0.859538784067086,
        "recall": 0.8183632734530938,
        "f1": 0.8384458077709611,
        "accuracy": 0.9210789210789211,
        "auc_roc": 0.9340559387554006,
        "auc_pr": 0.9098056286112068,
        "average_precision": 0.9098056286112068,
        "true_positives": 410,
        "true_negatives": 1434,
        "false_positives": 67,
        "false_negatives": 91,
        "mean_normal_error": 0.002145537713138662,
        "mean_anomaly_error": 0.08572401877336078,
        "std_normal_error": 0.0019573104390465507,
        "std_anomaly_error": 0.1440129300416016,
        "separability": 0.9771170593649877
      }
    },
    "percentile_97": {
      "threshold": 0.006903568415923369,
      "metrics": {
        "precision": 0.88470066518847,
        "recall": 0.7964071856287425,
        "f1": 0.8382352941176471,
        "accuracy": 0.9230769230769231,
        "auc_roc": 0.9340559387554006,
        "auc_pr": 0.9098056286112068,
        "average_precision": 0.9098056286112068,
        "true_positives": 399,
        "true_negatives": 1449,
        "false_positives": 52,
        "false_negatives": 102,
        "mean_normal_error": 0.002145537713138662,
        "mean_anomaly_error": 0.08572401877336078,
        "std_normal_error": 0.0019573104390465507,
        "std_anomaly_error": 0.1440129300416016,
        "separability": 0.9771170593649877
      }
    },
    "percentile_99": {
      "threshold": 0.008233986949780501,
      "metrics": {
        "precision": 0.9466019417475728,
        "recall": 0.7784431137724551,
        "f1": 0.8543263964950711,
        "accuracy": 0.9335664335664335,
        "auc_roc": 0.9340559387554006,
        "auc_pr": 0.9098056286112068,
        "average_precision": 0.9098056286112068,
        "true_positives": 390,
        "true_negatives": 1479,
        "false_positives": 22,
        "false_negatives": 111,
        "mean_normal_error": 0.002145537713138662,
        "mean_anomaly_error": 0.08572401877336078,
        "std_normal_error": 0.0019573104390465507,
        "std_anomaly_error": 0.1440129300416016,
        "separability": 0.9771170593649877
      }
    },
    "percentile_99.5": {
      "threshold": 0.009477009851402363,
      "metrics": {
        "precision": 0.9605263157894737,
        "recall": 0.7285429141716567,
        "f1": 0.8286038592508513,
        "accuracy": 0.9245754245754245,
        "auc_roc": 0.9340559387554006,
        "auc_pr": 0.9098056286112068,
        "average_precision": 0.9098056286112068,
        "true_positives": 365,
        "true_negatives": 1486,
        "false_positives": 15,
        "false_negatives": 136,
        "mean_normal_error": 0.002145537713138662,
        "mean_anomaly_error": 0.08572401877336078,
        "std_normal_error": 0.0019573104390465507,
        "std_anomaly_error": 0.1440129300416016,
        "separability": 0.9771170593649877
      }
    },
    "std_2": {
      "threshold": 0.005834456406631307,
      "metrics": {
        "precision": 0.8356997971602435,
        "recall": 0.8223552894211577,
        "f1": 0.8289738430583501,
        "accuracy": 0.9150849150849151,
        "auc_roc": 0.9340559387554006,
        "auc_pr": 0.9098056286112068,
        "average_precision": 0.9098056286112068,
        "true_positives": 412,
        "true_negatives": 1420,
        "false_positives": 81,
        "false_negatives": 89,
        "mean_normal_error": 0.002145537713138662,
        "mean_anomaly_error": 0.08572401877336078,
        "std_normal_error": 0.0019573104390465507,
        "std_anomaly_error": 0.1440129300416016,
        "separability": 0.9771170593649877
      }
    },
    "std_3": {
      "threshold": 0.00769485703029186,
      "metrics": {
        "precision": 0.9272300469483568,
        "recall": 0.7884231536926147,
        "f1": 0.8522114347357066,
        "accuracy": 0.9315684315684316,
        "auc_roc": 0.9340559387554006,
        "auc_pr": 0.9098056286112068,
        "average_precision": 0.9098056286112068,
        "true_positives": 395,
        "true_negatives": 1470,
        "false_positives": 31,
        "false_negatives": 106,
        "mean_normal_error": 0.002145537713138662,
        "mean_anomaly_error": 0.08572401877336078,
        "std_normal_error": 0.0019573104390465507,
        "std_anomaly_error": 0.1440129300416016,
        "separability": 0.9771170593649877
      }
    },
    "std_4": {
      "threshold": 0.009555257653952414,
      "metrics": {
        "precision": 0.9605263157894737,
        "recall": 0.7285429141716567,
        "f1": 0.8286038592508513,
        "accuracy": 0.9245754245754245,
        "auc_roc": 0.9340559387554006,
        "auc_pr": 0.9098056286112068,
        "average_precision": 0.9098056286112068,
        "true_positives": 365,
        "true_negatives": 1486,
        "false_positives": 15,
        "false_negatives": 136,
        "mean_normal_error": 0.002145537713138662,
        "mean_anomaly_error": 0.08572401877336078,
        "std_normal_error": 0.0019573104390465507,
        "std_anomaly_error": 0.1440129300416016,
        "separability": 0.9771170593649877
      }
    },
    "std_5": {
      "threshold": 0.011415658277612968,
      "metrics": {
        "precision": 0.9829059829059829,
        "recall": 0.688622754491018,
        "f1": 0.8098591549295775,
        "accuracy": 0.919080919080919,
        "auc_roc": 0.9340559387554006,
        "auc_pr": 0.9098056286112068,
        "average_precision": 0.9098056286112068,
        "true_positives": 345,
        "true_negatives": 1495,
        "false_positives": 6,
        "false_negatives": 156,
        "mean_normal_error": 0.002145537713138662,
        "mean_anomaly_error": 0.08572401877336078,
        "std_normal_error": 0.0019573104390465507,
        "std_anomaly_error": 0.1440129300416016,
        "separability": 0.9771170593649877
      }
    },
    "fbeta": {
      "threshold": 0.0052026256190515,
      "metrics": {
        "precision": 0.792910447761194,
        "recall": 0.8483033932135728,
        "f1": 0.819672131147541,
        "accuracy": 0.9065934065934066,
        "auc_roc": 0.9340559387554006,
        "auc_pr": 0.9098056286112068,
        "average_precision": 0.9098056286112068,
        "true_positives": 425,
        "true_negatives": 1390,
        "false_positives": 111,
        "false_negatives": 76,
        "mean_normal_error": 0.002145537713138662,
        "mean_anomaly_error": 0.08572401877336078,
        "std_normal_error": 0.0019573104390465507,