{
  "threshold": 0.008233986949780501,
  "method": "percentile_99",
  "f1_test": 0.8543263964950711
}