{"loss": [0.3624686896800995, 0.06950408220291138, 0.02150633931159973, 0.009068400599062443, 0.004319229628890753, 0.004126903600990772, 0.006004220340400934, 0.007135172840207815, 0.011089143343269825, 0.006264714524149895, 0.004572815727442503, 0.011871973052620888, 0.005230588838458061, 0.007509775459766388, 0.007411136291921139, 0.0036262613721191883, 0.015918409451842308, 0.0067625343799591064, 0.003462170483544469, 0.009767447598278522, 0.0037558753974735737, 0.011465863324701786, 0.004985659848898649, 0.0038641290739178658, 0.010447448119521141, 0.0050438400357961655, 0.005501667503267527, 0.007236293982714415, 0.004118281416594982, 0.010010777041316032, 0.005607469938695431, 0.0028867279179394245, 0.012335101142525673, 0.0053016734309494495, 0.008414961397647858, 0.00524081289768219, 0.0030708389822393656, 0.009565205313265324, 0.005115776788443327, 0.005805388558655977, 0.0031698450911790133, 0.010914463549852371, 0.004875281825661659, 0.0070495521649718285, 0.003925669938325882, 0.009120712988078594, 0.004865897819399834, 0.003586143720895052, 0.0073774815537035465, 0.0032240203581750393, 0.011147861368954182, 0.004343963693827391, 0.003047376638278365, 0.009761214256286621, 0.005233112722635269, 0.004913266748189926, 0.0031321351416409016, 0.006656704470515251, 0.005323392804712057, 0.008959736675024033], "val_loss": [0.13434886932373047, 0.034518465399742126, 0.013402841985225677, 0.004827287979424, 0.0035294140689074993, 0.004079452715814114, 0.009800907224416733, 0.0042746905237436295, 0.009973648004233837, 0.012500602751970291, 0.0027733640745282173, 0.013226949609816074, 0.004718961659818888, 0.025863708928227425, 0.0049188872799277306, 0.004842239897698164, 0.011405888944864273, 0.005603484809398651, 0.0031195601914077997, 0.008440837264060974, 0.003955500200390816, 0.0024375421926379204, 0.0022934714797884226, 0.002230368321761489, 0.003376931883394718, 0.0034247571602463722, 0.01681922748684883, 0.0044649746268987656, 0.010232559405267239, 0.005093412473797798, 0.006866070907562971, 0.003039458068087697, 0.013927984051406384, 0.007129844278097153, 0.002744783880189061, 0.00636723916977644, 0.0035104453563690186, 0.011204949580132961, 0.004342155531048775, 0.0021135127171874046, 0.011555246077477932, 0.005940819159150124, 0.0024398008827120066, 0.003812971757724881, 0.0022614256013184786, 0.009644044563174248, 0.0041968440636992455, 0.007789755705744028, 0.0022927317768335342, 0.002263301284983754, 0.002412122208625078, 0.002996649593114853, 0.004690472036600113, 0.012607130222022533, 0.0026343222707509995, 0.0030776779167354107, 0.0053275045938789845, 0.015521642751991749, 0.0022138324566185474, 0.014358029700815678]}