{
  "loss": [
    0.8991192579269409,
    0.5125303268432617,
    0.5035181045532227,
    0.5011001825332642,
    0.5005191564559937,
    0.5001135468482971,
    0.500164270401001,
    0.500156044960022,
    0.5001135468482971,
    0.500111997127533,
    0.5001206994056702,
    0.5001378655433655,
    0.49993449449539185,
    0.4999697804450989
  ],
  "reconstruction_loss": [
    1.6919634342193604,
    1.0164285898208618,
    1.0057339668273926,
    1.0014727115631104,
    1.0005587339401245,
    0.9998304843902588,
    1.0000224113464355,
    1.0000402927398682,
    0.9999868869781494,
    0.9999974966049194,
    1.000044584274292,
    1.000095248222351,
    0.999710738658905,
    0.9997876882553101
  ],
  "contrastive_loss": [
    0.10627485811710358,
    0.008632104843854904,
    0.0013022117782384157,
    0.0007275264360941947,
    0.00047932553570717573,
    0.0003966189397033304,
    0.0003060921735595912,
    0.00027167468215338886,
    0.00024030194617807865,
    0.0002265039220219478,
    0.00019681249978020787,
    0.0001805623178370297,
    0.00015819295367691666,
    0.00015186792006716132
  ],
  "val_loss": [
    0.8628324568271637,
    0.8484403491020203,
    0.8451319634914398,
    0.8384393155574799,
    0.8304480612277985,
    0.8164555132389069,
    0.7903701663017273,
    0.7627623677253723,
    0.7223032414913177,
    0.6735742092132568,
    0.6245946288108826,
    0.5940794944763184,
    0.5879358351230621,
    0.5861590802669525
  ],
  "val_reconstruction_loss": [
    1.0356176495552063,
    1.0079500079154968,
    1.0053138732910156,
    1.0015157461166382,
    1.0016695857048035,
    1.0014430284500122,
    1.0013670325279236,
    1.0013723969459534,
    1.0013291835784912,
    1.0013103485107422,
    1.0013098120689392,
    1.0012924075126648,
    1.0012609958648682,
    1.0012340545654297
  ],
  "val_contrastive_loss": [
    0.6900472640991211,
    0.6889306902885437,
    0.6849500238895416,
    0.6753628551959991,
    0.6592265665531158,
    0.6314679682254791,
    0.579373300075531,
    0.5241523385047913,
    0.4432773292064667,
    0.3458380848169327,
    0.24787945300340652,
    0.18686657398939133,
    0.1746106669306755,
    0.17108409851789474
  ]
}