{
  "precision": 0.9279279279279279,
  "recall": 0.8223552894211577,
  "f1": 0.8719576719576719,
  "accuracy": 0.9395604395604396,
  "auc_roc": 0.9442474145646083,
  "auc_pr": 0.9208631119187811,
  "average_precision": 0.9208631119187811,
  "true_positives": 412,
  "true_negatives": 1469,
  "false_positives": 32,
  "false_negatives": 89,
  "mean_normal_error": 0.003005382813895728,
  "mean_anomaly_error": 0.13495852696917615,
  "std_normal_error": 0.00010340541521597638,
  "std_anomaly_error": 0.206233483453812,
  "separability": 0.0,
  "threshold": 0.11898861825466156,
  "threshold_method": "knn_p98_k1",
  "all_thresholds": {
    "knn_p98_k1": {
      "threshold": 0.11898861825466156,
      "metrics": {
        "precision": 0.9279279279279279,
        "recall": 0.8223552894211577,
        "f1": 0.8719576719576719,
        "accuracy": 0.9395604395604396,
        "auc_roc": 0.9442474145646083,
        "auc_pr": 0.9208631119187811,
        "average_precision": 0.9208631119187811,
        "true_positives": 412,
        "true_negatives": 1469,
        "false_positives": 32,
        "false_negatives": 89,
        "mean_normal_error": 0.003005382813895728,
        "mean_anomaly_error": 0.13495852696917615,
        "std_normal_error": 0.00010340541521597638,
        "std_anomaly_error": 0.206233483453812,
        "separability": 0.0
      }
    }
  }
}