{
  "threshold": 0.11898861825466156,
  "method": "knn_p98_k1",
  "f1_test": 0.8719576719576719
}