{
  "precision": 0.9053708439897699,
  "recall": 0.7065868263473054,
  "f1": 0.7937219730941704,
  "accuracy": 0.9080919080919081,
  "auc_roc": 0.8632781073429424,
  "auc_pr": 0.8388629143053556,
  "average_precision": 0.8388629143053556,
  "true_positives": 354,
  "true_negatives": 1464,
  "false_positives": 37,
  "false_negatives": 147,
  "mean_normal_error": 0.022344521781578936,
  "mean_anomaly_error": 0.6676687094387418,
  "std_normal_error": 0.013782245700073487,
  "std_anomaly_error": 1.1913196017541197,
  "separability": 0.0,
  "threshold": 0.41159865260124207,
  "threshold_method": "knn_p98_k50",
  "all_thresholds": {
    "knn_p98_k50": {
      "threshold": 0.41159865260124207,
      "metrics": {
        "precision": 0.9053708439897699,
        "recall": 0.7065868263473054,
        "f1": 0.7937219730941704,
        "accuracy": 0.9080919080919081,
        "auc_roc": 0.8632781073429424,
        "auc_pr": 0.8388629143053556,
        "average_precision": 0.8388629143053556,
        "true_positives": 354,
        "true_negatives": 1464,
        "false_positives": 37,
        "false_negatives": 147,
        "mean_normal_error": 0.022344521781578936,
        "mean_anomaly_error": 0.6676687094387418,
        "std_normal_error": 0.013782245700073487,
        "std_anomaly_error": 1.1913196017541197,
        "separability": 0.0
      }
    }
  }
}