{
  "threshold": 0.41159865260124207,
  "method": "knn_p98_k50",
  "f1_test": 0.7937219730941704
}