{
  "precision": 0.7492063492063492,
  "recall": 0.9421157684630739,
  "f1": 0.8346595932802829,
  "accuracy": 0.9065934065934066,
  "auc_roc": 0.9867686346161774,
  "auc_pr": 0.9666586266731982,
  "average_precision": 0.9666586266731982,
  "true_positives": 472,
  "true_negatives": 1343,
  "false_positives": 158,
  "false_negatives": 29,
  "mean_normal_error": 0.002724755256389403,
  "mean_anomaly_error": 0.05017598561195282,
  "std_normal_error": 0.0019097593817549003,
  "std_anomaly_error": 0.12310204586749299,
  "separability": 0.0,
  "threshold": 0.07659647613763809,
  "threshold_method": "knn_p90_k1",
  "all_thresholds": {
    "knn_p90_k1": {
      "threshold": 0.07659647613763809,
      "metrics": {
        "precision": 0.7492063492063492,
        "recall": 0.9421157684630739,
        "f1": 0.8346595932802829,
        "accuracy": 0.9065934065934066,
        "auc_roc": 0.9867686346161774,
        "auc_pr": 0.9666586266731982,
        "average_precision": 0.9666586266731982,
        "true_positives": 472,
        "true_negatives": 1343,
        "false_positives": 158,
        "false_negatives": 29,
        "mean_normal_error": 0.002724755256389403,
        "mean_anomaly_error": 0.05017598561195282,
        "std_normal_error": 0.0019097593817549003,
        "std_anomaly_error": 0.12310204586749299,
        "separability": 0.0
      }
    }
  }
}