{
  "threshold": 0.07659647613763809,
  "method": "knn_p90_k1",
  "f1_test": 0.8346595932802829
}