{
  "loss": [
    5.2533440589904785,
    1.7537375688552856,
    0.9007259607315063,
    0.627076268196106,
    0.51275634765625,
    0.44267573952674866,
    0.3982636034488678,
    0.3578130006790161,
    0.3261573910713196,
    0.30255043506622314,
    0.2766156494617462,
    0.25662490725517273,
    0.2398102581501007,
    0.23217210173606873,
    0.21574752032756805,
    0.20131677389144897,
    0.19618862867355347,
    0.19056138396263123,
    0.18178394436836243,
    0.172058567404747,
    0.16684989631175995,
    0.15938936173915863,
    0.15012989938259125,
    0.14354604482650757,
    0.14191412925720215,
    0.14521929621696472,
    0.13280107080936432,
    0.13238662481307983
  ],
  "reconstruction_loss": [
    1.0377569198608398,
    0.3488609492778778,
    0.17914853990077972,
    0.12484560161828995,
    0.10220592468976974,
    0.08828946202993393,
    0.07945304363965988,
    0.07140136510133743,
    0.06507134437561035,
    0.06037737429141998,
    0.05519593507051468,
    0.05122814327478409,
    0.047872740775346756,
    0.04634508118033409,
    0.04306838661432266,
    0.040190454572439194,
    0.03916682302951813,
    0.038044657558202744,
    0.036301515996456146,
    0.034351564943790436,
    0.03330744430422783,
    0.031812768429517746,
    0.029985632747411728,
    0.028623711317777634,
    0.028339460492134094,
    0.029003478586673737,
    0.02652589976787567,
    0.026435216888785362
  ],
  "contrastive_loss": [
    0.06456035375595093,
    0.009432774968445301,
    0.0049833315424621105,
    0.002848112490028143,
    0.0017267040675505996,
    0.001228510751388967,
    0.0009983463678508997,
    0.0008061907137744129,
    0.0008007115684449673,
    0.0006636715261265635,
    0.0006359798135235906,
    0.0004841784539166838,
    0.0004465500242076814,
    0.0004467032558750361,
    0.0004056012548971921,
    0.0003645551623776555,
    0.0003545242070686072,
    0.00033810586319305,
    0.00027634360594674945,
    0.0003007754567079246,
    0.000312670657876879,
    0.00032551269396208227,
    0.0002017451188294217,
    0.000427485239924863,
    0.0002168144128518179,
    0.00020188586495351046,
    0.00017155666137114167,
    0.00021051069779787213
  ],
  "val_loss": [
    4.188660361550071,
    2.2968849702314897,
    1.1108420545404607,
    0.5532884110103954,
    0.3620057539506392,
    0.26805775409395044,
    0.2556810108098117,
    0.22485701468857852,
    0.21911195733330466,
    0.2059875320304524,
    0.20740236206488175,
    0.20947757092389194,
    0.20429760894992136,
    0.18721550567583603,
    0.18839302523569626,
    0.17715731263160706,
    0.1980248445814306,
    0.1870540827512741,
    0.19145838238976218,
    0.18989205360412598,
    0.19172253662889654,
    0.18966936658729205,
    0.20646076717159964,
    0.1814605322751132,
    0.18954020738601685,
    0.18979054553942246,
    0.18894449147311124,
    0.17036830430681055
  ],
  "val_reconstruction_loss": [
    0.7954513809897683,
    0.42354551228609955,
    0.19035193188623947,
    0.08021663197062233,
    0.03993588652123104,
    0.023382649672302334,
    0.019313875755125828,
    0.015285185453566637,
    0.01442217809910124,
    0.013500597327947617,
    0.013895738277245651,
    0.013217633166773752,
    0.012411668134683912,
    0.011234113438562914,
    0.012054682709276676,
    0.01158448224040595,
    0.012964714826508001,
    0.010798137973655354,
    0.011001879772679373,
    0.011251478963954882,
    0.01100747769867832,
    0.01205821843309836,
    0.012497869912873615,
    0.010847529904408888,
    0.011471003039994022,
    0.01141345136883584,
    0.012116332453760233,
    0.011186816136945377
  ],
  "val_contrastive_loss": [
    0.21140338615937668,
    0.1791574562137777,
    0.15908240459182046,
    0.1522052613171664,
    0.16232631694186817,
    0.15114450454711914,
    0.15911163525147873,
    0.1484310897913846,
    0.1470010673457926,
    0.13848454708402808,
    0.13792366873134265,
    0.1433894017880613,
    0.14223926920782437,
    0.13104493848302148,
    0.12811961431394925,
    0.11923490193757144,
    0.13320126858624545,
    0.1330633908510208,
    0.13644898276437412,
    0.13363465666770935,
    0.13668514788150787,
    0.12937827272848648,
    0.14397141676057468,
    0.12722288410771976,
    0.13218519294803793,
    0.13272328810258346,
    0.12836283174428073,
    0.11443422734737396
  ]
}