{
  "precision": 0.7472178060413355,
  "recall": 0.93812375249501,
  "f1": 0.831858407079646,
  "accuracy": 0.9050949050949051,
  "auc_roc": 0.9827167783021564,
  "auc_pr": 0.9565894043104611,
  "average_precision": 0.9565894043104611,
  "true_positives": 470,
  "true_negatives": 1342,
  "false_positives": 159,
  "false_negatives": 31,
  "mean_normal_error": 0.06240266020783736,
  "mean_anomaly_error": 0.4632832814598613,
  "std_normal_error": 0.06151036028773437,
  "std_anomaly_error": 0.3708998301362091,
  "separability": 0.0,
  "threshold": 0.0009681425872258842,
  "threshold_method": "knn_p90_k1",
  "all_thresholds": {
    "knn_p90_k1": {
      "threshold": 0.0009681425872258842,
      "metrics": {
        "precision": 0.7472178060413355,
        "recall": 0.93812375249501,
        "f1": 0.831858407079646,
        "accuracy": 0.9050949050949051,
        "auc_roc": 0.9827167783021564,
        "auc_pr": 0.9565894043104611,
        "average_precision": 0.9565894043104611,
        "true_positives": 470,
        "true_negatives": 1342,
        "false_positives": 159,
        "false_negatives": 31,
        "mean_normal_error": 0.06240266020783736,
        "mean_anomaly_error": 0.4632832814598613,
        "std_normal_error": 0.06151036028773437,
        "std_anomaly_error": 0.3708998301362091,
        "separability": 0.0
      }
    }
  }
}