{
  "threshold": 0.0009681425872258842,
  "method": "knn_p90_k1",
  "f1_test": 0.831858407079646
}