{
  "precision": 0.7687738650827323,
  "recall": 0.889029986435395,
  "f1": 0.8245402714205412,
  "accuracy": 0.7770711467827507,
  "auc_roc": 0.8308528056375567,
  "auc_pr": 0.898585434410996,
  "average_precision": 0.898585434410996,
  "true_positives": 30804,
  "true_negatives": 14894,
  "false_positives": 9265,
  "false_negatives": 3845,
  "mean_normal_error": 0.3534802575418217,
  "mean_anomaly_error": 0.45461108001265993,
  "std_normal_error": 0.013323238731380922,
  "std_anomaly_error": 0.13888787997733168,
  "separability": 0.0,
  "threshold": 0.7231335639953613,
  "threshold_method": "centroid_p99.9_k5",
  "all_thresholds": {
    "centroid_p99.9_k5": {
      "threshold": 0.7231335639953613,
      "metrics": {
        "precision": 0.7687738650827323,
        "recall": 0.889029986435395,
        "f1": 0.8245402714205412,
        "accuracy": 0.7770711467827507,
        "auc_roc": 0.8308528056375567,
        "auc_pr": 0.898585434410996,
        "average_precision": 0.898585434410996,
        "true_positives": 30804,
        "true_negatives": 14894,
        "false_positives": 9265,
        "false_negatives": 3845,
        "mean_normal_error": 0.3534802575418217,
        "mean_anomaly_error": 0.45461108001265993,
        "std_normal_error": 0.013323238731380922,
        "std_anomaly_error": 0.13888787997733168,
        "separability": 0.0
      }
    }
  }
}