{
  "precision": 0.1462882096069869,
  "recall": 0.13373253493013973,
  "f1": 0.1397288842544317,
  "accuracy": 0.5879120879120879,
  "auc_roc": 0.3444942227470442,
  "auc_pr": 0.23722285377225283,
  "average_precision": 0.23722285377225283,
  "true_positives": 67,
  "true_negatives": 1110,
  "false_positives": 391,
  "false_negatives": 434,
  "mean_normal_error": 0.9995784141360903,
  "mean_anomaly_error": 0.9333897902527711,
  "std_normal_error": 0.05329539252962584,
  "std_anomaly_error": 0.1704030080806713,
  "separability": 0.0,
  "threshold": 1123.3800048828125,
  "threshold_method": "mahalanobis_p70_k5",
  "all_thresholds": {
    "mahalanobis_p70_k5": {
      "threshold": 1123.3800048828125,
      "metrics": {
        "precision": 0.1462882096069869,
        "recall": 0.13373253493013973,
        "f1": 0.1397288842544317,
        "accuracy": 0.5879120879120879,
        "auc_roc": 0.3444942227470442,
        "auc_pr": 0.23722285377225283,
        "average_precision": 0.23722285377225283,
        "true_positives": 67,
        "true_negatives": 1110,
        "false_positives": 391,
        "false_negatives": 434,
        "mean_normal_error": 0.9995784141360903,
        "mean_anomaly_error": 0.9333897902527711,
        "std_normal_error": 0.05329539252962584,
        "std_anomaly_error": 0.1704030080806713,
        "separability": 0.0
      }
    }
  }
}