{
  "loss": [
    4.7358784675598145,
    2.2055087089538574,
    0.8360866904258728,
    0.5522408485412598,
    0.6660749912261963,
    0.4698905944824219,
    0.536438524723053
  ],
  "reconstruction_loss": [
    0.8000355958938599,
    0.3905488848686218,
    0.13987930119037628,
    0.08949495851993561,
    0.08759094774723053,
    0.0714157298207283,
    0.0728374719619751
  ],
  "contrastive_loss": [
    0.735700249671936,
    0.25276458263397217,
    0.13669037818908691,
    0.10476598888635635,
    0.22812007367610931,
    0.11281212419271469,
    0.1722511351108551
  ],
  "val_loss": [
    3.789582122455944,
    1.656389680775729,
    1.8993483998558738,
    1.0410242622548884,
    1.1035986596887761,
    1.0197680809281089,
    1.0091731223193081
  ],
  "val_reconstruction_loss": [
    0.6192347353154962,
    0.18875484033064407,
    0.23937063461000269,
    0.06784349104220216,
    0.08073215525258672,
    0.062240201979875565,
    0.06287340311841531
  ],
  "val_contrastive_loss": [
    0.6934084512970664,
    0.7126154574480924,
    0.7024952227419073,
    0.7018068053505637,
    0.6999378637834028,
    0.7085670612075112,
    0.6948060989379883
  ]
}