{
  "precision": 0.9340659340659341,
  "recall": 0.6786427145708582,
  "f1": 0.7861271676300579,
  "accuracy": 0.9075924075924076,
  "auc_roc": 0.8840068031824426,
  "auc_pr": 0.844759269793151,
  "average_precision": 0.844759269793151,
  "true_positives": 340,
  "true_negatives": 1477,
  "false_positives": 24,
  "false_negatives": 161,
  "mean_normal_error": 0.00280370099988486,
  "mean_anomaly_error": 0.17205902484064053,
  "std_normal_error": 0.002219890557474983,
  "std_anomaly_error": 0.26560046949790966,
  "separability": 0.9870541607703166,
  "threshold": 0.009487394054116164,
  "threshold_method": "std_3",
  "all_thresholds": {
    "percentile_90": {
      "threshold": 0.005813034491075918,
      "metrics": {
        "precision": 0.7039848197343453,
        "recall": 0.7405189620758483,
        "f1": 0.7217898832684825,
        "accuracy": 0.8571428571428571,
        "auc_roc": 0.8840068031824426,
        "auc_pr": 0.844759269793151,
        "average_precision": 0.844759269793151,
        "true_positives": 371,
        "true_negatives": 1345,
        "false_positives": 156,
        "false_negatives": 130,
        "mean_normal_error": 0.00280370099988486,
        "mean_anomaly_error": 0.17205902484064053,
        "std_normal_error": 0.002219890557474983,
        "std_anomaly_error": 0.26560046949790966,
        "separability": 0.9870541607703166
      }
    },
    "percentile_95": {
      "threshold": 0.0070775198883433615,
      "metrics": {
        "precision": 0.8040540540540541,
        "recall": 0.7125748502994012,
        "f1": 0.7555555555555555,
        "accuracy": 0.8846153846153846,
        "auc_roc": 0.8840068031824426,
        "auc_pr": 0.844759269793151,
        "average_precision": 0.844759269793151,
        "true_positives": 357,
        "true_negatives": 1414,
        "false_positives": 87,
        "false_negatives": 144,
        "mean_normal_error": 0.00280370099988486,
        "mean_anomaly_error": 0.17205902484064053,
        "std_normal_error": 0.002219890557474983,
        "std_anomaly_error": 0.26560046949790966,
        "separability": 0.9870541607703166
      }
    },
    "percentile_97": {
      "threshold": 0.00796324381484792,
      "metrics": {
        "precision": 0.8602941176470589,
        "recall": 0.7005988023952096,
        "f1": 0.7722772277227723,
        "accuracy": 0.8966033966033966,
        "auc_roc": 0.8840068031824426,
        "auc_pr": 0.844759269793151,
        "average_precision": 0.844759269793151,
        "true_positives": 351,
        "true_negatives": 1444,
        "false_positives": 57,
        "false_negatives": 150,
        "mean_normal_error": 0.00280370099988486,
        "mean_anomaly_error": 0.17205902484064053,
        "std_normal_error": 0.002219890557474983,
        "std_anomaly_error": 0.26560046949790966,
        "separability": 0.9870541607703166
      }
    },
    "percentile_99": {
      "threshold": 0.01109718999974479,
      "metrics": {
        "precision": 0.967741935483871,
        "recall": 0.6586826347305389,
        "f1": 0.7838479809976246,
        "accuracy": 0.9090909090909091,
        "auc_roc": 0.8840068031824426,
        "auc_pr": 0.844759269793151,
        "average_precision": 0.844759269793151,
        "true_positives": 330,
        "true_negatives": 1490,
        "false_positives": 11,
        "false_negatives": 171,
        "mean_normal_error": 0.00280370099988486,
        "mean_anomaly_error": 0.17205902484064053,
        "std_normal_error": 0.002219890557474983,
        "std_anomaly_error": 0.26560046949790966,
        "separability": 0.9870541607703166
      }
    },
    "percentile_99.5": {
      "threshold": 0.012146054687979533,
      "metrics": {
        "precision": 0.9788519637462235,
        "recall": 0.6467065868263473,
        "f1": 0.7788461538461539,
        "accuracy": 0.9080919080919081,
        "auc_roc": 0.8840068031824426,
        "auc_pr": 0.844759269793151,
        "average_precision": 0.844759269793151,
        "true_positives": 324,
        "true_negatives": 1494,
        "false_positives": 7,
        "false_negatives": 177,
        "mean_normal_error": 0.00280370099988486,
        "mean_anomaly_error": 0.17205902484064053,
        "std_normal_error": 0.002219890557474983,
        "std_anomaly_error": 0.26560046949790966,
        "separability": 0.9870541607703166
      }
    },
    "std_2": {
      "threshold": 0.007252601843931219,
      "metrics": {
        "precision": 0.8160919540229885,
        "recall": 0.7085828343313373,
        "f1": 0.7585470085470085,
        "accuracy": 0.8871128871128872,
        "auc_roc": 0.8840068031824426,
        "auc_pr": 0.844759269793151,
        "average_precision": 0.844759269793151,
        "true_positives": 355,
        "true_negatives": 1421,
        "false_positives": 80,
        "false_negatives": 146,
        "mean_normal_error": 0.00280370099988486,
        "mean_anomaly_error": 0.17205902484064053,
        "std_normal_error": 0.002219890557474983,
        "std_anomaly_error": 0.26560046949790966,
        "separability": 0.9870541607703166
      }
    },
    "std_3": {
      "threshold": 0.009487394054116164,
      "metrics": {
        "precision": 0.9340659340659341,
        "recall": 0.6786427145708582,
        "f1": 0.7861271676300579,
        "accuracy": 0.9075924075924076,
        "auc_roc": 0.8840068031824426,
        "auc_pr": 0.844759269793151,
        "average_precision": 0.844759269793151,
        "true_positives": 340,
        "true_negatives": 1477,
        "false_positives": 24,
        "false_negatives": 161,
        "mean_normal_error": 0.00280370099988486,
        "mean_anomaly_error": 0.17205902484064053,
        "std_normal_error": 0.002219890557474983,
        "std_anomaly_error": 0.26560046949790966,
        "separability": 0.9870541607703166
      }
    },
    "std_4": {
      "threshold": 0.011722186264301108,
      "metrics": {
        "precision": 0.9761904761904762,
        "recall": 0.654690618762475,
        "f1": 0.7837514934289128,
        "accuracy": 0.9095904095904096,
        "auc_roc": 0.8840068031824426,
        "auc_pr": 0.844759269793151,
        "average_precision": 0.844759269793151,
        "true_positives": 328,
        "true_negatives": 1493,
        "false_positives": 8,
        "false_negatives": 173,
        "mean_normal_error": 0.00280370099988486,
        "mean_anomaly_error": 0.17205902484064053,
        "std_normal_error": 0.002219890557474983,
        "std_anomaly_error": 0.26560046949790966,
        "separability": 0.9870541607703166
      }
    },
    "std_5": {
      "threshold": 0.013956978474486053,
      "metrics": {
        "precision": 0.9936708860759493,
        "recall": 0.626746506986028,
        "f1": 0.7686658506731946,
        "accuracy": 0.9055944055944056,
        "auc_roc": 0.8840068031824426,
        "auc_pr": 0.844759269793151,
        "average_precision": 0.844759269793151,
        "true_positives": 314,
        "true_negatives": 1499,
        "false_positives": 2,
        "false_negatives": 187,
        "mean_normal_error": 0.00280370099988486,
        "mean_anomaly_error": 0.17205902484064053,
        "std_normal_error": 0.002219890557474983,
        "std_anomaly_error": 0.26560046949790966,
        "separability": 0.9870541607703166
      }
    },
    "f1": {
      "threshold": 0.0063829629009115,
      "metrics": {
        "precision": 0.7525773195876289,
        "recall": 0.7285429141716567,
        "f1": 0.7403651115618661,
        "accuracy": 0.8721278721278721,
        "auc_roc": 0.8840068031824426,
        "auc_pr": 0.844759269793151,
        "average_precision": 0.844759269793151,
        "true_positives": 365,
        "true_negatives": 1381,
        "false_positives": 120,
        "false_negatives": 136,
        "mean_normal_error": 0.00280370099988486,
        "mean_anomaly_error": 0.17205902484064053,
        "std_normal_error": 0.002219890557474983,
        "std_anomaly_error": 0.26560046949790966,