{
  "threshold": 0.009487394054116164,
  "method": "std_3",
  "f1_test": 0.7861271676300579
}