{"kl_loss": [3.7412540912628174, 3.5930986404418945, 3.495488405227661, 3.4027624130249023, 3.3176255226135254, 3.2437758445739746, 3.1754767894744873, 3.087134599685669, 3.037463903427124, 2.9374148845672607, 2.885503053665161, 2.8590826988220215, 2.783174991607666, 2.722177267074585, 2.657130002975464, 2.588588237762451, 2.5299994945526123, 2.49202036857605, 2.423614025115967, 2.381314992904663, 2.3189425468444824, 2.3035993576049805, 2.262883186340332, 2.192875623703003, 2.2058420181274414, 2.1773622035980225, 2.191065549850464, 2.155731678009033, 2.133148670196533, 2.1261146068573, 2.1411120891571045, 2.124917984008789, 2.1270387172698975, 2.116943836212158, 2.114584445953369, 2.1195576190948486, 2.0920767784118652, 2.0880086421966553, 2.123076915740967, 2.1156318187713623, 2.1047897338867188, 2.115379810333252, 2.1007423400878906, 2.0985817909240723, 2.118684768676758, 2.0989248752593994, 2.097108840942383, 2.098923444747925, 2.106940269470215, 2.113041877746582, 2.0871801376342773, 2.12641978263855, 2.098146915435791, 2.1082406044006348, 2.1097657680511475, 2.099276304244995, 2.096022844314575, 2.101201295852661, 2.1127045154571533, 2.1135709285736084, 2.094874620437622, 2.1060166358947754, 2.112150192260742, 2.1134181022644043, 2.1151609420776367, 2.1170802116394043, 2.1194236278533936, 2.093055486679077, 2.1105153560638428, 2.112241268157959, 2.1140401363372803, 2.123835563659668, 2.1190006732940674, 2.10990047454834, 2.104759693145752, 2.1336793899536133, 2.109647512435913, 2.1486682891845703, 2.1262192726135254, 2.128295660018921, 2.1300315856933594, 2.113060712814331, 2.1347360610961914, 2.126410484313965, 2.137603282928467, 2.135582685470581, 2.14839506149292, 2.1452548503875732, 2.126236915588379, 2.152313470840454, 2.125237226486206, 2.1333558559417725, 2.1430139541625977, 2.1396377086639404, 2.144944190979004, 2.1400256156921387, 2.151549816131592, 2.139798879623413, 2.16808819770813, 2.152559518814087], "loss": [1.4364784955978394, 1.3398370742797852, 1.3630967140197754, 1.2852718830108643, 1.2907075881958008, 1.2161409854888916, 1.2004823684692383, 1.215134620666504, 1.182884931564331, 1.1315951347351074, 1.1388227939605713, 1.1362533569335938, 1.1209839582443237, 1.0629749298095703, 1.0716562271118164, 1.0480570793151855, 1.004278540611267, 0.9755877256393433, 0.9926482439041138, 0.9779245853424072, 0.9829839468002319, 0.9825623035430908, 0.8981485366821289, 0.9048967361450195, 0.9012740850448608, 0.9160275459289551, 0.9056901335716248, 0.8985416889190674, 0.8650311231613159, 0.8791201710700989, 0.8628745079040527, 0.8728177547454834, 0.8654254078865051, 0.8611228466033936, 0.856926441192627, 0.8574496507644653, 0.846373438835144, 0.8409284353256226, 0.8289680480957031, 0.8123106956481934, 0.8222904205322266, 0.8431033492088318, 0.8159435987472534, 0.8260434865951538, 0.8160371780395508, 0.8112103343009949, 0.797287106513977, 0.8098548054695129, 0.8148799538612366, 0.7877519130706787, 0.8094816207885742, 0.8032858371734619, 0.7973052263259888, 0.8009973168373108, 0.8060330152511597, 0.7946568727493286, 0.7913966178894043, 0.7747557759284973, 0.7865759134292603, 0.7865796685218811, 0.7687849998474121, 0.7860090732574463, 0.7822374701499939, 0.7870280742645264, 0.7795152068138123, 0.770654559135437, 0.7656028270721436, 0.767993688583374, 0.7536920309066772, 0.7503281831741333, 0.7695883512496948, 0.749954104423523, 0.7709940075874329, 0.7390382289886475, 0.7710450887680054, 0.7583353519439697, 0.7614675760269165, 0.7346481680870056, 0.7646327614784241, 0.757137656211853, 0.7375704646110535, 0.7399754524230957, 0.7441275119781494, 0.7295451164245605, 0.7283061742782593, 0.7390044927597046, 0.7227380871772766, 0.7158714532852173, 0.7622112035751343, 0.7290381193161011, 0.7463995218276978, 0.7363184690475464, 0.7418184876441956, 0.7425858378410339, 0.7095088362693787, 0.7429840564727783, 0.7151049375534058, 0.7054847478866577, 0.7160122394561768, 0.7391802072525024], "recon_loss": [0.8951560854911804, 0.6887297034263611, 0.6620323657989502, 0.6419092416763306, 0.6240664720535278, 0.6120975613594055, 0.606224000453949, 0.6000722050666809, 0.5806422233581543, 0.5765396952629089, 0.5733054280281067, 0.5589714050292969, 0.5584455728530884, 0.5475677847862244, 0.5433447360992432, 0.5358556509017944, 0.5284870266914368, 0.5173982381820679, 0.5207028985023499, 0.5254622101783752, 0.5089851021766663, 0.504205048084259, 0.49558424949645996, 0.4883478581905365, 0.4805833101272583, 0.47885075211524963, 0.4682694375514984, 0.4641339182853699, 0.45781606435775757, 0.45778101682662964, 0.44571197032928467, 0.44478315114974976, 0.44567567110061646, 0.4430939555168152, 0.43536242842674255, 0.427683025598526, 0.42559799551963806, 0.42698678374290466, 0.4205554127693176, 0.416713684797287, 0.418348103761673, 0.4146369397640228, 0.40345871448516846, 0.41064074635505676, 0.3980744183063507, 0.40172848105430603, 0.3914072811603546, 0.39279410243034363, 0.3914955258369446, 0.3812156617641449, 0.3934873938560486, 0.38124725222587585, 0.38127195835113525, 0.37708213925361633, 0.37484315037727356, 0.36840030550956726, 0.3655593991279602, 0.3621231019496918, 0.3632555603981018, 0.3579309284687042, 0.3549964129924774, 0.3631203770637512, 0.3552897572517395, 0.35537803173065186, 0.35129314661026, 0.34776246547698975, 0.3433478772640228, 0.3436235785484314, 0.3424747586250305, 0.3362886309623718, 0.3368965685367584, 0.3330475091934204, 0.3371299207210541, 0.32491135597229004, 0.33594515919685364, 0.320919930934906, 0.3321337103843689, 0.31885233521461487, 0.3207973837852478, 0.3180602490901947, 0.31176161766052246, 0.3185797929763794, 0.3144473731517792, 0.3121868073940277, 0.3092693090438843, 0.3085000216960907, 0.3030956983566284, 0.3024917244911194, 0.31436872482299805, 0.3073278069496155, 0.30419105291366577, 0.30234286189079285, 0.2950935363769531, 0.2967511713504791, 0.2919623553752899, 0.29300040006637573, 0.2883778214454651, 0.29302558302879333, 0.28291699290275574, 0.29181259870529175], "val_kl_loss": [3.6827242374420166, 3.500408172607422, 3.462411642074585, 3.36248779296875, 3.3199350833892822, 3.224653959274292, 3.105461359024048, 3.1806130409240723, 2.961139440536499, 2.943657398223877, 2.8660905361175537, 2.81061053276062, 2.7539188861846924, 2.674551010131836, 2.672856569290161, 2.5545928478240967, 2.541297674179077, 2.4602482318878174, 2.3985049724578857, 2.4310567378997803, 2.3191564083099365, 2.282371759414673, 2.263284921646118, 2.208773136138916, 2.187143564224243, 2.1831789016723633, 2.196666955947876, 2.1471803188323975, 2.1401450634002686, 2.1527211666107178, 2.13630747795105, 2.1308352947235107, 2.138995409011841, 2.107997179031372, 2.1335296630859375, 2.106492280960083, 2.0780556201934814, 2.102273941040039, 2.151432752609253, 2.1156790256500244, 2.1487576961517334, 2.103224039077759, 2.122184991836548, 2.121013641357422, 2.1124799251556396, 2.1107466220855713, 2.099921464920044, 2.1210947036743164, 2.1341395378112793, 2.0934553146362305, 2.1554572582244873, 2.103350877761841, 2.1041316986083984, 2.133241653442383, 2.107299327850342, 2.119880437850952, 2.0900111198425293, 2.1160993576049805, 2.1252760887145996, 2.119988441467285, 2.0998694896698, 2.124501943588257, 2.1176698207855225, 2.1265735626220703, 2.1054024696350098, 2.142629623413086, 2.104048013687134, 2.102330446243286, 2.1172635555267334, 2.108436107635498, 2.1197094917297363, 2.1060404777526855, 2.147202730178833, 2.0816361904144287, 2.154439687728882, 2.108320474624634, 2.1357169151306152, 2.142585277557373, 2.12882399559021, 2.133157968521118, 2.115213394165039, 2.1339170932769775, 2.140495777130127, 2.1256957054138184, 2.1475977897644043, 2.14402174949646, 2.1471261978149414, 2.137230634689331, 2.131204843521118, 2.137690782546997, 2.1146206855773926, 2.1326518058776855, 2.1303048133850098, 2.1240932941436768, 2.148407220840454, 2.1350057125091553, 2.1310763359069824, 2.169783115386963, 2.152277946472168, 2.1564552783966064],