{
  "precision": 0.9634831460674157,
  "recall": 0.6846307385229541,
  "f1": 0.8004667444574096,
  "accuracy": 0.9145854145854145,
  "auc_roc": 0.901860502845076,
  "auc_pr": 0.8666017910665165,
  "average_precision": 0.8666017910665165,
  "true_positives": 343,
  "true_negatives": 1488,
  "false_positives": 13,
  "false_negatives": 158,
  "mean_normal_error": 0.0003215598416745267,
  "mean_anomaly_error": 0.12185955237018116,
  "std_normal_error": 0.0003935468224109668,
  "std_anomaly_error": 0.19007204679383946,
  "separability": 0.9967723951940085,
  "threshold": 0.0022017509363439665,
  "threshold_method": "percentile_99.5",
  "all_thresholds": {
    "percentile_90": {
      "threshold": 0.0005246790590508732,
      "metrics": {
        "precision": 0.6942003514938488,
        "recall": 0.7884231536926147,
        "f1": 0.7383177570093458,
        "accuracy": 0.8601398601398601,
        "auc_roc": 0.901860502845076,
        "auc_pr": 0.8666017910665165,
        "average_precision": 0.8666017910665165,
        "true_positives": 395,
        "true_negatives": 1327,
        "false_positives": 174,
        "false_negatives": 106,
        "mean_normal_error": 0.0003215598416745267,
        "mean_anomaly_error": 0.12185955237018116,
        "std_normal_error": 0.0003935468224109668,
        "std_anomaly_error": 0.19007204679383946,
        "separability": 0.9967723951940085
      }
    },
    "percentile_95": {
      "threshold": 0.0008016783201021927,
      "metrics": {
        "precision": 0.8137044967880086,
        "recall": 0.7584830339321357,
        "f1": 0.7851239669421488,
        "accuracy": 0.8961038961038961,
        "auc_roc": 0.901860502845076,
        "auc_pr": 0.8666017910665165,
        "average_precision": 0.8666017910665165,
        "true_positives": 380,
        "true_negatives": 1414,
        "false_positives": 87,
        "false_negatives": 121,
        "mean_normal_error": 0.0003215598416745267,
        "mean_anomaly_error": 0.12185955237018116,
        "std_normal_error": 0.0003935468224109668,
        "std_anomaly_error": 0.19007204679383946,
        "separability": 0.9967723951940085
      }
    },
    "percentile_97": {
      "threshold": 0.0009934575406083247,
      "metrics": {
        "precision": 0.8584686774941995,
        "recall": 0.7385229540918163,
        "f1": 0.7939914163090128,
        "accuracy": 0.9040959040959041,
        "auc_roc": 0.901860502845076,
        "auc_pr": 0.8666017910665165,
        "average_precision": 0.8666017910665165,
        "true_positives": 370,
        "true_negatives": 1440,
        "false_positives": 61,
        "false_negatives": 131,
        "mean_normal_error": 0.0003215598416745267,
        "mean_anomaly_error": 0.12185955237018116,
        "std_normal_error": 0.0003935468224109668,
        "std_anomaly_error": 0.19007204679383946,
        "separability": 0.9967723951940085
      }
    },
    "percentile_99": {
      "threshold": 0.0017902838626284872,
      "metrics": {
        "precision": 0.9351351351351351,
        "recall": 0.6906187624750499,
        "f1": 0.7944890929965557,
        "accuracy": 0.9105894105894106,
        "auc_roc": 0.901860502845076,
        "auc_pr": 0.8666017910665165,
        "average_precision": 0.8666017910665165,
        "true_positives": 346,
        "true_negatives": 1477,
        "false_positives": 24,
        "false_negatives": 155,
        "mean_normal_error": 0.0003215598416745267,
        "mean_anomaly_error": 0.12185955237018116,
        "std_normal_error": 0.0003935468224109668,
        "std_anomaly_error": 0.19007204679383946,
        "separability": 0.9967723951940085
      }
    },
    "percentile_99.5": {
      "threshold": 0.0022017509363439665,
      "metrics": {
        "precision": 0.9634831460674157,
        "recall": 0.6846307385229541,
        "f1": 0.8004667444574096,
        "accuracy": 0.9145854145854145,
        "auc_roc": 0.901860502845076,
        "auc_pr": 0.8666017910665165,
        "average_precision": 0.8666017910665165,
        "true_positives": 343,
        "true_negatives": 1488,
        "false_positives": 13,
        "false_negatives": 158,
        "mean_normal_error": 0.0003215598416745267,
        "mean_anomaly_error": 0.12185955237018116,
        "std_normal_error": 0.0003935468224109668,
        "std_anomaly_error": 0.19007204679383946,
        "separability": 0.9967723951940085
      }
    },
    "std_2": {
      "threshold": 0.0009287499109194567,
      "metrics": {
        "precision": 0.8419864559819413,
        "recall": 0.7445109780439122,
        "f1": 0.7902542372881356,
        "accuracy": 0.9010989010989011,
        "auc_roc": 0.901860502845076,
        "auc_pr": 0.8666017910665165,
        "average_precision": 0.8666017910665165,
        "true_positives": 373,
        "true_negatives": 1431,
        "false_positives": 70,
        "false_negatives": 128,
        "mean_normal_error": 0.0003215598416745267,
        "mean_anomaly_error": 0.12185955237018116,
        "std_normal_error": 0.0003935468224109668,
        "std_anomaly_error": 0.19007204679383946,
        "separability": 0.9967723951940085
      }
    },
    "std_3": {
      "threshold": 0.0012415406659707032,
      "metrics": {
        "precision": 0.8853658536585366,
        "recall": 0.7245508982035929,
        "f1": 0.7969264544456641,
        "accuracy": 0.9075924075924076,
        "auc_roc": 0.901860502845076,
        "auc_pr": 0.8666017910665165,
        "average_precision": 0.8666017910665165,
        "true_positives": 363,
        "true_negatives": 1454,
        "false_positives": 47,
        "false_negatives": 138,
        "mean_normal_error": 0.0003215598416745267,
        "mean_anomaly_error": 0.12185955237018116,
        "std_normal_error": 0.0003935468224109668,
        "std_anomaly_error": 0.19007204679383946,
        "separability": 0.9967723951940085
      }
    },
    "std_4": {
      "threshold": 0.0015543314210219499,
      "metrics": {
        "precision": 0.9196891191709845,
        "recall": 0.7085828343313373,
        "f1": 0.8004509582863585,
        "accuracy": 0.9115884115884116,
        "auc_roc": 0.901860502845076,
        "auc_pr": 0.8666017910665165,
        "average_precision": 0.8666017910665165,
        "true_positives": 355,
        "true_negatives": 1470,
        "false_positives": 31,
        "false_negatives": 146,
        "mean_normal_error": 0.0003215598416745267,
        "mean_anomaly_error": 0.12185955237018116,
        "std_normal_error": 0.0003935468224109668,
        "std_anomaly_error": 0.19007204679383946,
        "separability": 0.9967723951940085
      }
    },
    "std_5": {
      "threshold": 0.0018671221760731965,
      "metrics": {
        "precision": 0.9400544959128065,
        "recall": 0.688622754491018,
        "f1": 0.7949308755760369,
        "accuracy": 0.9110889110889111,
        "auc_roc": 0.901860502845076,
        "auc_pr": 0.8666017910665165,
        "average_precision": 0.8666017910665165,
        "true_positives": 345,
        "true_negatives": 1479,
        "false_positives": 22,
        "false_negatives": 156,
        "mean_normal_error": 0.0003215598416745267,
        "mean_anomaly_error": 0.12185955237018116,
        "std_normal_error": 0.0003935468224109668,
        "std_anomaly_error": 0.19007204679383946,
        "separability": 0.9967723951940085
      }
    },
    "fbeta": {
      "threshold": 0.001021061602551253,
      "metrics": {
        "precision": 0.8641686182669789,
        "recall": 0.7365269461077845,
        "f1": 0.7952586206896551,
        "accuracy": 0.9050949050949051,
        "auc_roc": 0.901860502845076,
        "auc_pr": 0.8666017910665165,
        "average_precision": 0.8666017910665165,
        "true_positives": 369,
        "true_negatives": 1443,
        "false_positives": 58,
        "false_negatives": 132,
        "mean_normal_error": 0.0003215598416745267,
        "mean_anomaly_error": 0.12185955237018116,