{
  "threshold": 0.0022017509363439665,
  "method": "percentile_99.5",
  "f1_test": 0.8004667444574096
}