{"loss": [0.0056893047876656055, 0.005318894516676664, 0.004787871148437262, 0.004220680799335241, 0.0036351748276501894, 0.003050986211746931, 0.002514519030228257, 0.0020765175577253103, 0.0017634294927120209, 0.0015522324247285724, 0.001387420459650457, 0.0012162289349362254, 0.0010405597276985645, 0.0008916933438740671, 0.0007752424571663141, 0.0006910588126629591, 0.0006273055914789438, 0.00057257927255705, 0.0005218060687184334, 0.000472554616862908, 0.0004318560240790248, 0.00040185439866036177, 0.0003799105470534414, 0.000364689709385857, 0.00035477796336635947, 0.00034880198654718697, 0.00034561462234705687, 0.00034435823909007013, 0.00034399188007228076, 0.00034370392677374184, 0.0003434024110902101, 0.0003431124787312001, 0.0003428050840739161, 0.0003425092436373234, 0.00034219707595184445, 0.0003418906417209655, 0.0003415916580706835, 0.00034128964762203395, 0.0003409792552702129, 0.00034067899105139077, 0.0003403745358809829, 0.00034006775240413845, 0.00033977351267822087, 0.00033947074552997947, 0.0003391799400560558, 0.0003388871264178306, 0.0003385873860679567, 0.00033829061430878937, 0.0003379930858500302, 0.00033769456786103547, 0.0003374104271642864, 0.0003371193306520581, 0.0003368312609381974, 0.0003365401935297996, 0.0003362527349963784, 0.0003359754919074476, 0.00033568969229236245, 0.0003354029613547027, 0.0003351214400026947, 0.0003348406171426177, 0.0003345566801726818, 0.00033427547896280885, 0.00033400047686882317, 0.0003337124362587929, 0.0003334352222736925, 0.00033316042390652, 0.00033287928090430796, 0.000332611525664106, 0.00033233294379897416, 0.00033206609077751637, 0.0003317927476018667, 0.00033152991090901196, 0.00033125135814771056, 0.0003309812746010721, 0.00033070609788410366, 0.0003304465499240905, 0.0003301964025013149, 0.00032992116757668555, 0.00032965323771350086, 0.0003293869085609913, 0.00032912794267758727, 0.000328863097820431, 0.00032860488863661885, 0.00032834542798809707, 0.00032808995456434786, 0.0003278189687989652, 0.00032756588188931346, 0.0003273106995038688, 0.0003270688757766038, 0.00032680778531357646, 0.0003265520790591836, 0.00032629771158099174, 0.0003260508819948882, 0.0003257964854128659, 0.00032553361961618066, 0.0003252786409575492, 0.00032502872636541724, 0.00032477485365234315, 0.00032453163294121623, 0.00032428844133391976], "val_loss": [0.0076989117078483105, 0.007002387195825577, 0.006999731995165348, 0.008058653213083744, 0.00943829957395792, 0.011024395003914833, 0.012579034082591534, 0.014179444871842861, 0.014940813183784485, 0.013912292197346687, 0.011403491720557213, 0.008093724958598614, 0.00534053286537528, 0.0038712939713150263, 0.003290941473096609, 0.0032800454646348953, 0.0034126786049455404, 0.0034588517155498266, 0.0033608959056437016, 0.0032147059682756662, 0.002987754065543413, 0.0026569163892418146, 0.0022632498294115067, 0.0018741750391200185, 0.0015191942220553756, 0.0012231565779075027, 0.000989907537586987, 0.0008151305373758078, 0.000686760526150465, 0.0005924311117269099, 0.000522661954164505, 0.0004711769870482385, 0.0004324819310568273, 0.00040370874921791255, 0.0003820803249254823, 0.00036607467336580157, 0.0003541067708283663, 0.00034503263304941356, 0.0003382423601578921, 0.00033309325226582587, 0.0003291621687822044, 0.000326118286466226, 0.0003236450720578432, 0.0003218604251742363, 0.00032044341787695885, 0.00031924128415994346, 0.00031827320344746113, 0.00031753958319313824, 0.0003168984258081764, 0.0003163421351928264, 0.0003158865147270262, 0.0003154583682771772, 0.00031505816150456667, 0.0003147294919472188, 0.0003143971844110638, 0.00031407942879013717, 0.0003137521562166512, 0.00031347383628599346, 0.0003132154233753681, 0.0003129257820546627, 0.00031267566373571754, 0.0003124183276668191, 0.0003121391055174172, 0.00031188171124085784, 0.0003116198058705777, 0.00031137288897298276, 0.00031111182761378586, 0.00031083691283129156, 0.000310586707200855, 0.0003103554481640458, 0.0003100901667494327, 0.00030983873875811696, 0.000309597235172987, 0.0003093475825153291, 0.0003090814861934632, 0.0003088373632635921, 0.0003085790085606277, 0.000308326561935246, 0.00030808922019787133, 0.0003078634908888489, 0.0003076380235143006, 0.0003073926782235503, 0.00030717652407474816, 0.00030695347231812775, 0.0003066948556806892, 0.0003064531774725765, 0.0003062135074287653, 0.0003059702867176384, 0.0003057264839299023, 0.0003055002598557621, 0.00030525526381097734, 0.0003050180384889245, 0.00030478648841381073, 0.00030456550302915275, 0.00030433700885623693, 0.0003041248128283769, 0.000303883571177721, 0.00030364503618329763, 0.00030340609373524785, 0.0003031698288396001]}