{
  "precision": 0.955544505221283,
  "recall": 0.5545903200669572,
  "f1": 0.7018389671104294,
  "accuracy": 0.7223677050741396,
  "auc_roc": 0.6570602382093748,
  "auc_pr": 0.8285170294582495,
  "average_precision": 0.8285170294582495,
  "true_positives": 19216,
  "true_negatives": 23265,
  "false_positives": 894,
  "false_negatives": 15433,
  "mean_normal_error": 1.0008326732028734,
  "mean_anomaly_error": 1.0842616544506103,
  "std_normal_error": 0.02119435943980547,
  "std_anomaly_error": 0.14858361576410906,
  "separability": 0.7974222644724906,
  "threshold": 1.0370640351128784,
  "threshold_method": "f1",
  "all_thresholds": {
    "percentile_90": {
      "threshold": 1.027801335589811,
      "metrics": {
        "precision": 0.8858407079646018,
        "recall": 0.5777944529423649,
        "f1": 0.6994008628971685,
        "accuracy": 0.7073697456128418,
        "auc_roc": 0.6570602382093748,
        "auc_pr": 0.8285170294582495,
        "average_precision": 0.8285170294582495,
        "true_positives": 20020,
        "true_negatives": 21579,
        "false_positives": 2580,
        "false_negatives": 14629,
        "mean_normal_error": 1.0008326732028734,
        "mean_anomaly_error": 1.0842616544506103,
        "std_normal_error": 0.02119435943980547,
        "std_anomaly_error": 0.14858361576410906,
        "separability": 0.7974222644724906
      }
    },
    "percentile_95": {
      "threshold": 1.0343279973161028,
      "metrics": {
        "precision": 0.9356592877767084,
        "recall": 0.5611417356922278,
        "f1": 0.7015461220660665,
        "accuracy": 0.7186947354101483,
        "auc_roc": 0.6570602382093748,
        "auc_pr": 0.8285170294582495,
        "average_precision": 0.8285170294582495,
        "true_positives": 19443,
        "true_negatives": 22822,
        "false_positives": 1337,
        "false_negatives": 15206,
        "mean_normal_error": 1.0008326732028734,
        "mean_anomaly_error": 1.0842616544506103,
        "std_normal_error": 0.02119435943980547,
        "std_anomaly_error": 0.14858361576410906,
        "separability": 0.7974222644724906
      }
    },
    "percentile_97": {
      "threshold": 1.037805665582303,
      "metrics": {
        "precision": 0.9599819467428915,
        "recall": 0.5524834771566279,
        "f1": 0.7013372412529767,
        "accuracy": 0.7227588083253979,
        "auc_roc": 0.6570602382093748,
        "auc_pr": 0.8285170294582495,
        "average_precision": 0.8285170294582495,
        "true_positives": 19143,
        "true_negatives": 23361,
        "false_positives": 798,
        "false_negatives": 15506,
        "mean_normal_error": 1.0008326732028734,
        "mean_anomaly_error": 1.0842616544506103,
        "std_normal_error": 0.02119435943980547,
        "std_anomaly_error": 0.14858361576410906,
        "separability": 0.7974222644724906
      }
    },
    "percentile_99": {
      "threshold": 1.0434498878562046,
      "metrics": {
        "precision": 0.9868051507604261,
        "recall": 0.5374469681664694,
        "f1": 0.6958893871449925,
        "accuracy": 0.723234934022582,
        "auc_roc": 0.6570602382093748,
        "auc_pr": 0.8285170294582495,
        "average_precision": 0.8285170294582495,
        "true_positives": 18622,
        "true_negatives": 23910,
        "false_positives": 249,
        "false_negatives": 16027,
        "mean_normal_error": 1.0008326732028734,
        "mean_anomaly_error": 1.0842616544506103,
        "std_normal_error": 0.02119435943980547,
        "std_anomaly_error": 0.14858361576410906,
        "separability": 0.7974222644724906
      }
    },
    "percentile_99.5": {
      "threshold": 1.0460423646898553,
      "metrics": {
        "precision": 0.9937750351845838,
        "recall": 0.529856561516927,
        "f1": 0.6911883741505562,
        "accuracy": 0.7210413549176983,
        "auc_roc": 0.6570602382093748,
        "auc_pr": 0.8285170294582495,
        "average_precision": 0.8285170294582495,
        "true_positives": 18359,
        "true_negatives": 24044,
        "false_positives": 115,
        "false_negatives": 16290,
        "mean_normal_error": 1.0008326732028734,
        "mean_anomaly_error": 1.0842616544506103,
        "std_normal_error": 0.02119435943980547,
        "std_anomaly_error": 0.14858361576410906,
        "separability": 0.7974222644724906
      }
    },
    "std_2": {
      "threshold": 1.0423624619512804,
      "metrics": {
        "precision": 0.9837658926132185,
        "recall": 0.5404196369303588,
        "f1": 0.6976137697222584,
        "accuracy": 0.7239661270575432,
        "auc_roc": 0.6570602382093748,
        "auc_pr": 0.8285170294582495,
        "average_precision": 0.8285170294582495,
        "true_positives": 18725,
        "true_negatives": 23850,
        "false_positives": 309,
        "false_negatives": 15924,
        "mean_normal_error": 1.0008326732028734,
        "mean_anomaly_error": 1.0842616544506103,
        "std_normal_error": 0.02119435943980547,
        "std_anomaly_error": 0.14858361576410906,
        "separability": 0.7974222644724906
      }
    },
    "std_3": {
      "threshold": 1.063346845199895,
      "metrics": {
        "precision": 1.0,
        "recall": 0.48616121677393287,
        "f1": 0.6542509806967802,
        "accuracy": 0.6972520745476806,
        "auc_roc": 0.6570602382093748,
        "auc_pr": 0.8285170294582495,
        "average_precision": 0.8285170294582495,
        "true_positives": 16845,
        "true_negatives": 24159,
        "false_positives": 0,
        "false_negatives": 17804,
        "mean_normal_error": 1.0008326732028734,
        "mean_anomaly_error": 1.0842616544506103,
        "std_normal_error": 0.02119435943980547,
        "std_anomaly_error": 0.14858361576410906,
        "separability": 0.7974222644724906
      }
    },
    "std_4": {
      "threshold": 1.0843312284485098,
      "metrics": {
        "precision": 1.0,
        "recall": 0.4276025282114924,
        "f1": 0.5990498332154048,
        "accuracy": 0.6627499659910217,
        "auc_roc": 0.6570602382093748,
        "auc_pr": 0.8285170294582495,
        "average_precision": 0.8285170294582495,
        "true_positives": 14816,
        "true_negatives": 24159,
        "false_positives": 0,
        "false_negatives": 19833,
        "mean_normal_error": 1.0008326732028734,
        "mean_anomaly_error": 1.0842616544506103,
        "std_normal_error": 0.02119435943980547,
        "std_anomaly_error": 0.14858361576410906,
        "separability": 0.7974222644724906
      }
    },
    "std_5": {
      "threshold": 1.1053156116971246,
      "metrics": {
        "precision": 1.0,
        "recall": 0.3756241161361078,
        "f1": 0.5461144679422625,
        "accuracy": 0.6321248809685757,
        "auc_roc": 0.6570602382093748,
        "auc_pr": 0.8285170294582495,
        "average_precision": 0.8285170294582495,
        "true_positives": 13015,
        "true_negatives": 24159,
        "false_positives": 0,
        "false_negatives": 21634,
        "mean_normal_error": 1.0008326732028734,
        "mean_anomaly_error": 1.0842616544506103,
        "std_normal_error": 0.02119435943980547,
        "std_anomaly_error": 0.14858361576410906,
        "separability": 0.7974222644724906
      }
    },
    "f1": {
      "threshold": 1.0370640351128784,
      "metrics": {
        "precision": 0.955544505221283,
        "recall": 0.5545903200669572,
        "f1": 0.7018389671104294,
        "accuracy": 0.7223677050741396,
        "auc_roc": 0.6570602382093748,
        "auc_pr": 0.8285170294582495,
        "average_precision": 0.8285170294582495,
        "true_positives": 19216,
        "true_negatives": 23265,
        "false_positives": 894,
        "false_negatives": 15433,
        "mean_normal_error": 1.0008326732028734,
        "mean_anomaly_error": 1.0842616544506103,
        "std_normal_error": 0.02119435943980547,
        "std_anomaly_error": 0.14858361576410906,