{
  "threshold": 1.0370640351128784,
  "method": "f1",
  "f1_test": 0.7018389671104294
}