{
  "threshold": 0.8463707566261292,
  "method": "centroid_p95_k5",
  "f1_test": 0.7806925498426023
}