{
  "loss": [
    3.2540535926818848,
    0.39828136563301086,
    0.301664799451828,
    0.2826218008995056,
    0.2787969708442688,
    0.2811800241470337,
    0.27774113416671753,
    0.27734872698783875,
    0.2780601680278778,
    0.27577874064445496,
    0.2761937081813812,
    0.27530738711357117,
    0.2748050093650818,
    0.27298375964164734,
    0.2695312201976776,
    0.25371843576431274,
    0.1402941346168518,
    0.04328177124261856,
    0.023717524483799934,
    0.016512619331479073,
    0.01289769820868969,
    0.011015160009264946,
    0.009968237951397896,
    0.009219972416758537,
    0.008565753698348999,
    0.00804906990379095,
    0.007603166159242392,
    0.00720166927203536,
    0.006815782748162746,
    0.006393563933670521,
    0.006043143104761839,
    0.005097622517496347,
    0.004382642917335033,
    0.004457644186913967,
    0.0033814848866313696,
    0.0025716053787618876,
    0.00213354523293674,
    0.0018288746941834688,
    0.0015770555473864079,
    0.001403608825057745,
    0.001370621845126152,
    0.0011983326403424144,
    0.0012653992744162679,
    0.0009426815086044371,
    0.0008447490981779993,
    0.000800486421212554,
    0.0011822201777249575,
    0.0010001362534239888,
    0.0009045046172104776,
    0.0006751971668563783,
    0.0005777704063802958,
    0.0005554789095185697,
    0.0005645948695018888,
    0.0005020820535719395,
    0.0004469134728424251,
    0.0007688460173085332,
    0.0007450463599525392,
    0.000425935722887516,
    0.0004030180280096829,
    0.00039449584437534213,
    0.00037040378083474934,
    0.0008777788607403636,
    0.0007105898694135249,
    0.0004200245894026011,
    0.0003752840275410563,
    0.0003423302841838449,
    0.0003380744019523263,
    0.0003229998692404479,
    0.0003213993622921407,
    0.0006322207627817988,
    0.0008219032897613943,
    0.0003607258840929717,
    0.0003046901256311685,
    0.00029758826713077724,
    0.00028143631061539054,
    0.000319881975883618,
    0.0003051644307561219,
    0.0002851752797141671,
    0.0012789227766916156,
    0.0005586534389294684,
    0.00036661323974840343,
    0.00026556645752862096,
    0.00026915266062133014,
    0.0002650995447766036
  ],
  "reconstruction_loss": [
    0.6485316753387451,
    0.07952986657619476,
    0.06029338017106056,
    0.0565129779279232,
    0.055751167237758636,
    0.056230612099170685,
    0.0555427260696888,
    0.055463775992393494,
    0.05560550466179848,
    0.055147647857666016,
    0.0552271343767643,
    0.05504991486668587,
    0.0549468919634819,
    0.054585568606853485,
    0.05387743189930916,
    0.05069366842508316,
    0.027967534959316254,
    0.0086258789524436,
    0.004733653739094734,
    0.003296385984867811,
    0.0025766785256564617,
    0.0022007753141224384,
    0.001991718076169491,
    0.0018418309045955539,
    0.0017113646026700735,
    0.0016077591571956873,
    0.001518201781436801,
    0.001437237486243248,
    0.0013596342178061604,
    0.0012755661737173796,
    0.0012057340936735272,
    0.0010160020319744945,
    0.0008721829508431256,
    0.000888011185452342,
    0.0006726126302964985,
    0.0005114783998578787,
    0.0004241835849825293,
    0.0003637690097093582,
    0.00031367497285827994,
    0.00027929621865041554,
    0.00027297891210764647,
    0.0002386530686635524,
    0.0002520435082260519,
    0.00018677744083106518,
    0.00016803319158498198,
    0.00015904454630799592,
    0.0002356471959501505,
    0.00019930776034016162,
    0.00018034011009149253,
    0.00013439060421660542,
    0.0001150311145465821,
    0.00011060009273933247,
    0.0001123914698837325,
    9.998070891015232e-05,
    8.893975609680638e-05,
    0.00015336505020968616,
    0.000148548191646114,
    8.479059033561498e-05,
    8.02405338617973e-05,
    7.851717964513227e-05,
    7.372676918748766e-05,
    0.00017524906434118748,
    0.00014176667900756001,
    8.367504051420838e-05,
    7.47432277421467e-05,
    6.816167297074571e-05,
    6.731257599312812e-05,
    6.431781366700307e-05,
    6.400886195478961e-05,
    0.0001261556171812117,
    0.00016413418052252382,
    7.187425217125565e-05,
    6.070486779208295e-05,
    5.928501923335716e-05,
    5.60682819923386e-05,
    6.376150122378021e-05,
    6.082593972678296e-05,
    5.6798860896378756e-05,
    0.0002555543906055391,
    0.00011150276259286329,
    7.311605440918356e-05,
    5.291136767482385e-05,
    5.3622763516614214e-05,
    5.279264223645441e-05
  ],
  "contrastive_loss": [
    0.02279120683670044,
    0.0012640503700822592,
    0.0003957495791837573,
    0.00011387378617655486,
    8.229890954680741e-05,
    5.3824231144972146e-05,
    5.5012373195495456e-05,
    5.976521788397804e-05,
    6.532171391882002e-05,
    8.094624354271218e-05,
    0.00011606972111621872,
    0.00011569195339689031,
    0.00014119342085905373,
    0.00011184676986886188,
    0.00028810318326577544,
    0.0005001588724553585,
    0.0009129238897003233,
    0.0003047613427042961,
    9.85130391200073e-05,
    6.137756281532347e-05,
    2.860784479707945e-05,
    2.2567912310478278e-05,
    1.9297007384011522e-05,
    2.1635623852489516e-05,
    1.786287612048909e-05,
    2.0547053281916305e-05,
    2.4313805624842644e-05,
    3.096380169154145e-05,
    3.521951293805614e-05,
    3.146524977637455e-05,
    2.8945039957761765e-05,
    3.522485712892376e-05,
    4.3454572733026e-05,
    3.517524237395264e-05,
    3.684356124722399e-05,
    2.8427290089894086e-05,
    2.5255189029849134e-05,
    2.005977694352623e-05,
    1.7360918718622997e-05,
    1.4255064343160484e-05,
    1.1454497325757984e-05,
    1.0134534022654407e-05,
    1.0363487490394618e-05,
    1.7588505215826444e-05,
    9.166237759927753e-06,
    1.0527173799346201e-05,
    7.968459613039158e-06,
    7.194724275905173e-06,
    5.608261744782794e-06,
    6.488249709946103e-06,
    5.22976006323006e-06,
    4.956903012498515e-06,
    5.275006969895912e-06,
    4.356970293883933e-06,
    4.429492037161253e-06,
    4.041524789499817e-06,
    4.610820724337827e-06,
    3.965561063523637e-06,
    3.6305916637502378e-06,
    3.8199259506654926e-06,
    3.539872068358818e-06,
    3.066864792344859e-06,
    3.512969215080375e-06,
    3.298686124253436e-06,
    3.1357890293293167e-06,
    3.0438518479058985e-06,
    3.0230423817556584e-06,
    2.8216516057000263e-06,
    2.7101461910206126e-06,
    2.8853626190539217e-06,
    2.464429826432024e-06,
    2.709211685214541e-06,
    2.331536052224692e-06,
    2.326336925762007e-06,
    2.1898335944570135e-06,
    2.148929979739478e-06,
    2.0694080831162864e-06,
    2.3620316369488137e-06,
    2.3019285890768515e-06,
    2.2791380160924746e-06,
    2.065864691758179e-06,
    2.019177372858394e-06,
    2.0776312794623664e-06,
    2.2727112991560716e-06
  ],