{
  "loss": [
    6.32933235168457,
    5.191169261932373,
    5.025135517120361,
    4.9976887702941895,
    4.981391906738281,
    4.97548770904541,
    4.969703674316406,
    4.9641594886779785,
    4.958824157714844,
    4.950719356536865,
    4.94228458404541,
    4.931826591491699,
    4.917112350463867,
    4.899636268615723,
    4.871963024139404,
    4.8226728439331055,
    4.708688735961914,
    4.784750938415527,
    4.476081848144531,
    4.553016185760498,
    4.1534600257873535,
    3.967646598815918,
    3.5867433547973633,
    3.2501978874206543,
    2.926146984100342,
    2.626941680908203,
    2.519947052001953,
    2.5374374389648438,
    1.8422774076461792,
    1.4681556224822998,
    1.132497787475586,
    1.1312896013259888,
    1.0910917520523071,
    0.557235836982727,
    0.3404610753059387,
    0.23582372069358826,
    0.1734258383512497,
    0.1324261575937271,
    0.10561469197273254,
    0.08653814345598221,
    0.0754261463880539,
    0.06783413141965866,
    0.059722382575273514,
    0.05498823896050453,
    0.058206550776958466,
    0.04250508174300194,
    0.03639815002679825,
    0.03439876064658165,
    0.03213527053594589,
    0.03189292550086975,
    0.034736912697553635,
    0.03014066442847252,
    0.04238814115524292,
    0.028492122888565063,
    0.02382211573421955,
    0.02141723409295082,
    0.020765919238328934,
    0.02108147367835045,
    0.018830301240086555,
    0.019827453419566154,
    0.017323503270745277,
    0.022223034873604774,
    0.027036182582378387,
    0.017676543444395065,
    0.016050977632403374,
    0.02546609565615654,
    0.016828441992402077,
    0.017660297453403473,
    0.026158081367611885,
    0.023189736530184746,
    0.018227051943540573,
    0.018942873924970627,
    0.013310309499502182,
    0.011551455594599247,
    0.010775311850011349,
    0.012213538400828838,
    0.016570772975683212,
    0.012275921180844307,
    0.011079664342105389
  ],
  "reconstruction_loss": [
    1.2454766035079956,
    1.029549479484558,
    1.0027040243148804,
    0.9986521005630493,
    0.9957822561264038,
    0.9949140548706055,
    0.9938345551490784,
    0.9927603006362915,
    0.9917042255401611,
    0.9901071786880493,
    0.9884234070777893,
    0.9863367676734924,
    0.9834008812904358,
    0.97990882396698,
    0.9743776321411133,
    0.9645197987556458,
    0.941721498966217,
    0.9569368362426758,
    0.8951920866966248,
    0.9105751514434814,
    0.8306668400764465,
    0.7935049533843994,
    0.7173265218734741,
    0.6500163674354553,
    0.5851922631263733,
    0.5253423452377319,
    0.5039536952972412,
    0.5074571967124939,
    0.3684418499469757,
    0.2936117947101593,
    0.22647817432880402,
    0.22624121606349945,
    0.21821019053459167,
    0.11144159734249115,
    0.06808584183454514,
    0.04715943709015846,
    0.03467835485935211,
    0.026479508727788925,
    0.02111823670566082,
    0.017303911969065666,
    0.015082486905157566,
    0.01356412936002016,
    0.011941665783524513,
    0.010994740761816502,
    0.01163832750171423,
    0.008499188348650932,
    0.007277756929397583,
    0.006877835374325514,
    0.006425380706787109,
    0.006376612465828657,
    0.006946010515093803,
    0.006026452407240868,
    0.008476289920508862,
    0.005697331856936216,
    0.004763171076774597,
    0.004282339010387659,
    0.0041520437225699425,
    0.004215380642563105,
    0.0037651604507118464,
    0.003964779898524284,
    0.0034639372024685144,
    0.0044437190517783165,
    0.005397627130150795,
    0.003534447867423296,
    0.0032092465553432703,
    0.005092631559818983,
    0.003365039359778166,
    0.0035314245615154505,
    0.005231221206486225,
    0.004637428093701601,
    0.0036447602324187756,
    0.003787975525483489,
    0.002661511767655611,
    0.002309834584593773,
    0.002154599642381072,
    0.002442343859001994,
    0.0033135947305709124,
    0.0024548557121306658,
    0.0022154883481562138
  ],
  "contrastive_loss": [
    0.10194917023181915,
    0.043420858681201935,
    0.011615199968218803,
    0.004428229294717312,
    0.0024804812856018543,
    0.0009181235218420625,
    0.0005305630620568991,
    0.0003588050021789968,
    0.0003030502994079143,
    0.00018352846382185817,
    0.00016724993474781513,
    0.00014235851995181292,
    0.00010712317452998832,
    9.222422522725537e-05,
    7.526654371758923e-05,
    7.383285992546007e-05,
    8.081939449766651e-05,
    6.626606045756489e-05,
    0.00012187900574645028,
    0.00014046733849681914,
    0.00012572240666486323,
    0.00012222201621625572,
    0.00011085803271271288,
    0.00011616135452641174,
    0.0001853387657320127,
    0.0002300170890521258,
    0.00017882125393953174,
    0.00015145092038437724,
    6.829762423876673e-05,
    9.66029183473438e-05,
    0.00010682637366699055,
    8.338189945789054e-05,
    4.0796261600917205e-05,
    2.791062979667913e-05,
    3.187772381352261e-05,
    2.6546014851192012e-05,
    3.4046424843836576e-05,
    2.8613243557629175e-05,
    2.3520917238784023e-05,
    1.8575385183794424e-05,
    1.3718230547965504e-05,
    1.347983652522089e-05,
    1.404825070494553e-05,
    1.453169716114644e-05,
    1.4907520380802453e-05,
    9.134852916758973e-06,
    9.367766324430704e-06,
    9.57754673436284e-06,
    8.369643182959408e-06,
    9.85957285593031e-06,
    6.858952929178486e-06,
    8.396337761951145e-06,
    6.692972419841681e-06,
    5.4666088544763625e-06,
    6.259217570914188e-06,
    5.5389205044775736e-06,
    5.699476332665654e-06,
    4.568427357298788e-06,
    4.499890565057285e-06,
    3.554630666258163e-06,
    3.81698509954731e-06,
    4.436998096934985e-06,
    4.804616037290543e-05,
    4.3027230276493356e-06,
    4.744501438835869e-06,
    2.9350876502576284e-06,
    3.242542334191967e-06,
    3.1753645544085884e-06,
    1.9694846287166e-06,
    2.5949327664420707e-06,
    3.252750957472017e-06,
    2.995140221173642e-06,
    2.7517708076629788e-06,
    2.2828560304333223e-06,
    2.3125423922465416e-06,
    1.818358668970177e-06,
    2.7991627575829625e-06,
    1.64268158187042e-06,
    2.2229819478525314e-06
  ],