{
  "loss": [
    5.749876976013184,
    5.667715072631836,
    5.0046586990356445,
    4.911004543304443,
    4.752132892608643,
    4.404191970825195,
    3.890674114227295,
    3.4804928302764893,
    3.1562795639038086,
    2.8215978145599365,
    2.1064019203186035,
    1.2877424955368042,
    0.8263523578643799,
    0.5615993142127991,
    0.4639497995376587,
    0.40739110112190247,
    0.3607560694217682,
    0.4228537380695343,
    0.3628332018852234,
    0.4084659218788147,
    0.32591941952705383,
    0.3059566617012024,
    0.3366762399673462,
    0.34139126539230347,
    0.3506958782672882,
    0.29772278666496277,
    0.5063925981521606,
    0.45273202657699585,
    0.34925931692123413,
    0.3070894479751587,
    0.3483184576034546,
    0.32239019870758057,
    0.2983689606189728,
    0.4228507876396179,
    0.5690399408340454,
    0.39842626452445984,
    0.42341348528862,
    0.3423016667366028,
    0.2619965374469757,
    0.5621590614318848,
    0.3302484154701233,
    0.26157107949256897,
    0.28524231910705566,
    0.3159703016281128,
    0.26710477471351624,
    0.4686914086341858,
    0.3085643947124481,
    0.22087787091732025,
    0.25524723529815674,
    0.2580670714378357,
    0.16894212365150452,
    0.9822213649749756,
    0.46659204363822937,
    0.3298678994178772,
    0.2893525958061218,
    0.2754787802696228,
    0.25705939531326294,
    0.221304789185524,
    0.18235954642295837,
    0.23589453101158142,
    0.2525578439235687,
    0.3078474998474121,
    0.1721208393573761,
    0.17722907662391663,
    0.16797839105129242,
    0.12361975759267807,
    0.23773711919784546,
    0.12151259928941727,
    0.21367058157920837,
    0.10940677672624588,
    0.2066638320684433,
    0.07300756871700287,
    1.044174313545227,
    0.9830058813095093,
    0.5185737013816833,
    0.33025309443473816,
    0.27431443333625793,
    0.2424832284450531,
    0.20013335347175598,
    0.1517236828804016,
    0.09226865321397781
  ],
  "reconstruction_loss": [
    0.9822865724563599,
    1.0593324899673462,
    0.9342654943466187,
    0.9233473539352417,
    0.8964464664459229,
    0.8335158824920654,
    0.7369334697723389,
    0.6621115207672119,
    0.6043874025344849,
    0.5432103276252747,
    0.40562206506729126,
    0.2447885423898697,
    0.1564176082611084,
    0.1065082922577858,
    0.08931966871023178,
    0.0798150822520256,
    0.07157263159751892,
    0.08433783054351807,
    0.07244085520505905,
    0.08159463107585907,
    0.06507213413715363,
    0.0610346794128418,
    0.06707689166069031,
    0.06799288094043732,
    0.06953633576631546,
    0.05870365351438522,
    0.09842944890260696,
    0.09006600081920624,
    0.06979407370090485,
    0.06134214624762535,
    0.06958922743797302,
    0.06433078646659851,
    0.05902361869812012,
    0.08428973704576492,
    0.11365150660276413,
    0.0796566754579544,
    0.08459369838237762,
    0.06845544278621674,
    0.05200819671154022,
    0.11094359308481216,
    0.06603376567363739,
    0.052106838673353195,
    0.05679354816675186,
    0.06306514889001846,
    0.05340617895126343,
    0.09352961927652359,
    0.06163272634148598,
    0.044152386486530304,
    0.05101674050092697,
    0.051589444279670715,
    0.03374659642577171,
    0.19461725652217865,
    0.09235389530658722,
    0.06580029428005219,
    0.05783678591251373,
    0.055047497153282166,
    0.05130285024642944,
    0.044208332896232605,
    0.0363752581179142,
    0.047075074166059494,
    0.05045772343873978,
    0.06154094636440277,
    0.03441960737109184,
    0.03544044867157936,
    0.03358946740627289,
    0.024707067757844925,
    0.04751422256231308,
    0.024296138435602188,
    0.04272281378507614,
    0.02187306061387062,
    0.041328974068164825,
    0.014596929773688316,
    0.20836566388607025,
    0.19566582143306732,
    0.10234217345714569,
    0.06591834127902985,
    0.0548122338950634,
    0.048472438007593155,
    0.03998957574367523,
    0.030316006392240524,
    0.018406998366117477
  ],
  "contrastive_loss": [
    1.6768875122070312,
    0.7421061992645264,
    0.66666179895401,
    0.5885363817214966,
    0.5398008227348328,
    0.473224014043808,
    0.41201305389404297,
    0.33987051248550415,
    0.26868462562561035,
    0.21109305322170258,
    0.15658213198184967,
    0.12759961187839508,
    0.0885285809636116,
    0.05811572074890137,
    0.034702908247709274,
    0.016631467267870903,
    0.005785750690847635,
    0.0023291741963475943,
    0.0012579142348840833,
    0.0009854326490312815,
    0.0011174068786203861,
    0.001566464314237237,
    0.0025835386477410793,
    0.002853663405403495,
    0.006028345786035061,
    0.0084090456366539,
    0.028490744531154633,
    0.004804081749171019,
    0.0005777627811767161,
    0.0007574113551527262,
    0.0007446820964105427,
    0.001472554518841207,
    0.0065016369335353374,
    0.0028042609337717295,
    0.0015649100532755256,
    0.00028575005126185715,
    0.000890046707354486,
    4.895832535112277e-05,
    0.003911122214049101,
    0.014882420189678669,
    0.00015922397142276168,
    0.0020737533923238516,
    0.0025490710977464914,
    0.0012891305377706885,
    0.00014774709416087717,
    0.0020866538397967815,
    0.0008016040083020926,
    0.00023181473079603165,
    0.00032707437640056014,
    0.00023975380463525653,
    0.00041831794078461826,
    0.018270239233970642,
    0.009645042940974236,
    0.0017328554531559348,
    0.00033731560688465834,
    0.000482515140902251,
    0.0010903069050982594,
    0.0005262527847662568,
    0.0009665052639320493,
    0.0010382661130279303,
    0.0005384574760682881,
    0.00028551736613735557,
    4.5644141209777445e-05,
    5.363748277886771e-05,
    6.214457243913785e-05,
    0.0001688231568550691,
    0.00033204324427060783,
    6.379641854437068e-05,
    0.00011307832028251141,
    8.292488928418607e-05,
    3.7882928154431283e-05,
    4.583735062624328e-05,
    0.004692047834396362,
    0.009353389963507652,
    0.013725840486586094,
    0.0013227860908955336,
    0.0005065592122264206,
    0.00024210655828937888,
    0.00037094016443006694,
    0.00028726691380143166,
    0.0004673392104450613
  ],