{
  "precision": 0.9170212765957447,
  "recall": 0.8602794411177644,
  "f1": 0.8877445932028837,
  "accuracy": 0.9455544455544456,
  "auc_roc": 0.9526902224864063,
  "auc_pr": 0.9341098158380349,
  "average_precision": 0.9341098158380349,
  "true_positives": 431,
  "true_negatives": 1462,
  "false_positives": 39,
  "false_negatives": 70,
  "mean_normal_error": 0.0028429115387040623,
  "mean_anomaly_error": 0.15479293558088528,
  "std_normal_error": 7.780061926092981e-05,
  "std_anomaly_error": 0.22837228560953823,
  "separability": 0.0,
  "threshold": 0.10177084803581238,
  "threshold_method": "knn_p98_k1",
  "all_thresholds": {
    "knn_p98_k1": {
      "threshold": 0.10177084803581238,
      "metrics": {
        "precision": 0.9170212765957447,
        "recall": 0.8602794411177644,
        "f1": 0.8877445932028837,
        "accuracy": 0.9455544455544456,
        "auc_roc": 0.9526902224864063,
        "auc_pr": 0.9341098158380349,
        "average_precision": 0.9341098158380349,
        "true_positives": 431,
        "true_negatives": 1462,
        "false_positives": 39,
        "false_negatives": 70,
        "mean_normal_error": 0.0028429115387040623,
        "mean_anomaly_error": 0.15479293558088528,
        "std_normal_error": 7.780061926092981e-05,
        "std_anomaly_error": 0.22837228560953823,
        "separability": 0.0
      }
    }
  }
}