{
  "threshold": 0.10177084803581238,
  "method": "knn_p98_k1",
  "f1_test": 0.8877445932028837
}