{
  "threshold": 0.005932774364604117,
  "method": "percentile_99",
  "f1_test": 0.8123569794050344
}