{
  "loss": [
    2.413198471069336,
    0.1865188479423523,
    0.08267401903867722,
    0.04371411353349686,
    0.03097694180905819,
    0.02582666277885437,
    0.022859739139676094,
    0.02105666883289814,
    0.01978291943669319,
    0.01878456398844719,
    0.018043436110019684,
    0.017417239025235176,
    0.016942281275987625,
    0.016549991443753242,
    0.01618214324116707,
    0.01590004749596119,
    0.01566353812813759,
    0.01548084244132042,
    0.015296611934900284,
    0.015186263248324394,
    0.015104641206562519,
    0.014966903254389763,
    0.014875361695885658,
    0.01479736901819706,
    0.014688282273709774,
    0.014628952369093895,
    0.014584522694349289,
    0.014544624835252762,
    0.014487991109490395,
    0.014435364864766598,
    0.014421426691114902,
    0.014338510110974312,
    0.014324421063065529,
    0.01425360981374979,
    0.014233342371881008,
    0.014221083372831345,
    0.014139186590909958,
    0.014127268455922604,
    0.014108801260590553,
    0.014158690348267555,
    0.014250404201447964,
    0.014166099950671196,
    0.01404724083840847,
    0.014022781513631344,
    0.014036951586604118,
    0.014031474478542805,
    0.013975096866488457,
    0.014086153358221054,
    0.014057422988116741,
    0.013990821316838264,
    0.013995710760354996,
    0.014043738134205341,
    0.014065604656934738,
    0.01400458998978138,
    0.01396658644080162,
    0.013893051072955132,
    0.013898646458983421,
    0.013909631408751011,
    0.013923601247370243,
    0.013919849880039692,
    0.013961046934127808,
    0.013953449204564095,
    0.013905568048357964,
    0.013860875740647316,
    0.013842052780091763,
    0.01394213829189539,
    0.013898849487304688,
    0.013987468555569649,
    0.013873198069632053,
    0.013887613080441952,
    0.013848545029759407
  ],
  "reconstruction_loss": [
    0.4825567901134491,
    0.03729575127363205,
    0.016531625762581825,
    0.00874192826449871,
    0.0061949556693434715,
    0.005164868663996458,
    0.0045715258456766605,
    0.004210990853607655,
    0.003956299740821123,
    0.0037566397804766893,
    0.0036084535531699657,
    0.0034832372330129147,
    0.003388250945135951,
    0.003309776773676276,
    0.0032362635247409344,
    0.0031798293348401785,
    0.0031325905583798885,
    0.0030960540752857924,
    0.0030592342372983694,
    0.003037160960957408,
    0.0030208665411919355,
    0.0029933226760476828,
    0.0029750089161098003,
    0.0029594115912914276,
    0.0029375990852713585,
    0.0029257445130497217,
    0.0029168552719056606,
    0.0029088889714330435,
    0.002897554077208042,
    0.002887034323066473,
    0.002884251531213522,
    0.002867667470127344,
    0.002864852547645569,
    0.0028506899252533913,
    0.0028466396033763885,
    0.002844188828021288,
    0.002827809192240238,
    0.0028254282660782337,
    0.0028217374347150326,
    0.0028317151591181755,
    0.002850054297596216,
    0.0028331985231488943,
    0.0028094230219721794,
    0.0028045368380844593,
    0.0028073713183403015,
    0.0028062756173312664,
    0.002794997999444604,
    0.0028172126039862633,
    0.002811465412378311,
    0.0027981451712548733,
    0.002799123991280794,
    0.0028087326791137457,
    0.00281310360878706,
    0.002800901420414448,
    0.0027933004312217236,
    0.002778595080599189,
    0.002779714297503233,
    0.0027819122187793255,
    0.0027847078163176775,
    0.002783956238999963,
    0.0027921965811401606,
    0.0027906768955290318,
    0.0027811008039861917,
    0.0027721624355763197,
    0.002768398728221655,
    0.00278841657564044,
    0.002779757371172309,
    0.0027974816039204597,
    0.0027746285777539015,
    0.0027775131165981293,
    0.002769698854535818
  ],
  "contrastive_loss": [
    0.0008290758705697954,
    8.012721809791401e-05,
    3.1777391996001825e-05,
    8.951275958679616e-06,
    4.337492100603413e-06,
    4.642181465897011e-06,
    4.217342393530998e-06,
    3.423038606342743e-06,
    2.8400320388755063e-06,
    2.7330556804372463e-06,
    2.3425575363944517e-06,
    2.1047276277386118e-06,
    2.054471224255394e-06,
    2.213711923104711e-06,
    1.6539968328288523e-06,
    1.8025440340352361e-06,
    1.1699177093760227e-06,
    1.147631792264292e-06,
    8.814852208161028e-07,
    9.177684887617943e-07,
    6.211881782292039e-07,
    5.77737978346704e-07,
    6.347210046442342e-07,
    6.201828455232317e-07,
    5.76874697344465e-07,
    4.58638055533811e-07,
    4.915028171126323e-07,
    3.6068942677047744e-07,
    4.4366456108946295e-07,
    3.8952310887907515e-07,
    3.3849875080704805e-07,
    3.4838518558899523e-07,
    3.194428757069545e-07,
    3.198717593022593e-07,
    2.896942135066638e-07,
    2.7715734063349373e-07,
    2.85932742372097e-07,
    2.567042258760921e-07,
    2.2718850800629298e-07,
    2.279407596006422e-07,
    2.6805895458892337e-07,
    2.114635719863145e-07,
    2.5319388896605233e-07,
    1.909925515519717e-07,
    1.8800157874920842e-07,
    1.976908663436916e-07,
    2.1223368662504072e-07,
    1.8312999827685417e-07,
    1.9364316017345118e-07,
    1.9242526150264894e-07,
    1.7707631627672527e-07,
    1.5076662407409458e-07,
    1.7172132515952399e-07,
    1.6874827224455657e-07,
    1.7050336964530288e-07,
    1.513397620556134e-07,
    1.5021143440208107e-07,
    1.3964452705295116e-07,
    1.2673142180119612e-07,
    1.4202657894202275e-07,
    1.3095817052999337e-07,
    1.3072532567548478e-07,
    1.2825374540170742e-07,
    1.2497619650275738e-07,
    1.1858234216788333e-07,
    1.1163324842300426e-07,
    1.279850607716071e-07,
    1.245463039367678e-07,
    1.0437963027243313e-07,
    9.327548866622237e-08,
    1.020871920331956e-07
  ],
  "val_loss": [
    4.571300745010376,
    4.179217100143433,
    3.7714955806732178,
    3.304377555847168,
    2.878605365753174,
    2.4394248723983765,
    2.0230990648269653,
    1.6496719717979431,
    1.3126692175865173,
    1.0413287281990051,
    0.8169814348220825,
    0.6315212845802307,
    0.4980745166540146,
    0.3874022513628006,
    0.3144855201244354,
    0.2532993331551552,
    0.20842193067073822,
    0.1772734895348549,
    0.1438724547624588,
    0.12610790878534317,
    0.1108451820909977,
    0.09692862629890442,
    0.08686398714780807,
    0.08119253814220428,
    0.07394187152385712,
    0.06798309832811356,
    0.0609193854033947,
    0.06421666592359543,
    0.05706334486603737,
    0.05794386565685272,
    0.054565491154789925,
    0.05441420525312424,
    0.04813695512712002,
    0.05301784351468086,
    0.05041072331368923,
    0.046401891857385635,
    0.048110129311680794,
    0.05056740529835224,
    0.04765916429460049,
    0.053137317299842834,
    0.045941101387143135,
    0.05284742824733257,
    0.05196771211922169,
    0.050926923751831055,
    0.048215147107839584,
    0.04717613011598587,
    0.04777470417320728,
    0.050562478601932526,
    0.05198431573808193,
    0.04896130599081516,
    0.05236474424600601,
    0.039246976375579834,
    0.04914349503815174,
    0.0483282171189785,
    0.052778054028749466,
    0.04338441044092178,
    0.04500171169638634,
    0.04627781920135021,
    0.046967314556241035,
    0.04295377805829048,
    0.04759320057928562,
    0.04807565361261368,
    0.049557821825146675,
    0.045959582552313805,
    0.04302441515028477,
    0.04606295935809612,
    0.046843210235238075,
    0.04771668091416359,
    0.04570772685110569,
    0.04731312580406666,
    0.04540893994271755
  ],