{
  "threshold": 0.7231335639953613,
  "method": "centroid_p99.9_k5",
  "f1_test": 0.8245402714205412
}