{
  "precision": 0.9288702928870293,
  "recall": 0.8862275449101796,
  "f1": 0.9070480081716037,
  "accuracy": 0.9545454545454546,
  "auc_roc": 0.9843909782034863,
  "auc_pr": 0.969073793821254,
  "average_precision": 0.969073793821254,
  "true_positives": 444,
  "true_negatives": 1467,
  "false_positives": 34,
  "false_negatives": 57,
  "mean_normal_error": 0.02042602104360879,
  "mean_anomaly_error": 0.28594570124096286,
  "std_normal_error": 0.00020485860406735311,
  "std_anomaly_error": 0.34374357332381,
  "separability": 0.0,
  "threshold": 0.058001697063446045,
  "threshold_method": "knn_p98_k3",
  "all_thresholds": {
    "knn_p98_k3": {
      "threshold": 0.058001697063446045,
      "metrics": {
        "precision": 0.9288702928870293,
        "recall": 0.8862275449101796,
        "f1": 0.9070480081716037,
        "accuracy": 0.9545454545454546,
        "auc_roc": 0.9843909782034863,
        "auc_pr": 0.969073793821254,
        "average_precision": 0.969073793821254,
        "true_positives": 444,
        "true_negatives": 1467,
        "false_positives": 34,
        "false_negatives": 57,
        "mean_normal_error": 0.02042602104360879,
        "mean_anomaly_error": 0.28594570124096286,
        "std_normal_error": 0.00020485860406735311,
        "std_anomaly_error": 0.34374357332381,
        "separability": 0.0
      }
    }
  }
}