{
  "threshold": 0.058001697063446045,
  "method": "knn_p98_k3",
  "f1_test": 0.9070480081716037
}