{"loss": [0.7071747183799744, 0.19628292322158813, 0.06892745196819305, 0.045187778770923615, 0.0341770276427269, 0.02701801247894764, 0.019671598449349403, 0.016416043043136597, 0.006756921764463186, 0.017584413290023804, 0.01058441773056984, 0.0014041184913367033, 0.0006342499982565641, 0.02130257897078991, 0.00035115020000375807, 0.00031931945704855025, 0.0003027505590580404, 0.0002983165322802961, 0.0002848237054422498, 0.000279463391052559, 0.0002757348120212555, 0.0002707087551243603, 0.00026792133576236665, 0.0002659438468981534, 0.0002642858598846942, 0.0002634359698276967, 0.0002623886684887111, 0.00026205452741123736, 0.00026183106820099056, 0.0002618232974782586, 0.00026181639987044036, 0.00026181607972830534, 0.00026181479915976524, 0.00026181532302871346, 0.0002618175058159977, 0.00026181424618698657, 0.0002618156431708485, 0.00026181264547631145, 0.00026181404246017337, 0.00026181366411037743, 0.0002618132857605815, 0.00026181075372733176, 0.0002618053404148668, 0.00026180382701568305, 0.00026180181885138154, 0.00026180659187957644, 0.0002618103171698749, 0.0002618175058159977, 0.0002618129947222769], "val_loss": [0.36643609404563904, 0.101921446621418, 0.13545890152454376, 0.014263922348618507, 0.024280985817313194, 0.003750294679775834, 0.007810665760189295, 0.0015545570058748126, 0.3469845652580261, 0.05265391245484352, 0.023912139236927032, 0.0011985438177362084, 0.00033330879523418844, 0.0004075654724147171, 0.0003289269807282835, 0.000304352433886379, 0.0003090531681664288, 0.0002901126572396606, 0.000284484849544242, 0.0002770760911516845, 0.00027360604144632816, 0.000271287135547027, 0.00026517431251704693, 0.0002637142315506935, 0.00026231788797304034, 0.00026123292627744377, 0.00026036670897156, 0.000260300119407475, 0.00026015430921688676, 0.0002601705491542816, 0.0002601708110887557, 0.00026017159689217806, 0.00026017019990831614, 0.000260171975241974, 0.0002601700834929943, 0.0002601695596240461, 0.00026017235359176993, 0.0002601690066512674, 0.00026016728952527046, 0.00026017322670668364, 0.0002601622836664319, 0.0002601595188025385, 0.0002601612941361964, 0.0002601575688458979, 0.00026016245828941464, 0.0002601630112621933, 0.0002601678716018796, 0.00026017779600806534, 0.00026016845367848873]}