{"type": "StandardScaler", "per_feature": true, "epsilon": 1e-08, "mean": [[[16.894967938467634, -11.856325465563453]]], "std": [[[31.389117599384782, 23.475096913012973]]]}