{
  "precision": 0.9640102827763496,
  "recall": 0.7485029940119761,
  "f1": 0.8426966292134831,
  "accuracy": 0.9300699300699301,
  "auc_roc": 0.9321636540376941,
  "auc_pr": 0.9087711887751992,
  "average_precision": 0.9087711887751992,
  "true_positives": 375,
  "true_negatives": 1487,
  "false_positives": 14,
  "false_negatives": 126,
  "mean_normal_error": 6.533914884654314e-05,
  "mean_anomaly_error": 0.11096519430675449,
  "std_normal_error": 6.303779018589653e-05,
  "std_anomaly_error": 0.18790914593652924,
  "separability": 0.9994319020664378,
  "threshold": 0.0003626301129252142,
  "threshold_method": "std_5",
  "all_thresholds": {
    "percentile_90": {
      "threshold": 0.00011547914324746792,
      "metrics": {
        "precision": 0.7231543624161074,
        "recall": 0.8602794411177644,
        "f1": 0.7857793983591613,
        "accuracy": 0.8826173826173827,
        "auc_roc": 0.9321636540376941,
        "auc_pr": 0.9087711887751992,
        "average_precision": 0.9087711887751992,
        "true_positives": 431,
        "true_negatives": 1336,
        "false_positives": 165,
        "false_negatives": 70,
        "mean_normal_error": 6.533914884654314e-05,
        "mean_anomaly_error": 0.11096519430675449,
        "std_normal_error": 6.303779018589653e-05,
        "std_anomaly_error": 0.18790914593652924,
        "separability": 0.9994319020664378
      }
    },
    "percentile_95": {
      "threshold": 0.00015801738231171,
      "metrics": {
        "precision": 0.8404907975460123,
        "recall": 0.8203592814371258,
        "f1": 0.8303030303030303,
        "accuracy": 0.916083916083916,
        "auc_roc": 0.9321636540376941,
        "auc_pr": 0.9087711887751992,
        "average_precision": 0.9087711887751992,
        "true_positives": 411,
        "true_negatives": 1423,
        "false_positives": 78,
        "false_negatives": 90,
        "mean_normal_error": 6.533914884654314e-05,
        "mean_anomaly_error": 0.11096519430675449,
        "std_normal_error": 6.303779018589653e-05,
        "std_anomaly_error": 0.18790914593652924,
        "separability": 0.9994319020664378
      }
    },
    "percentile_97": {
      "threshold": 0.00021409965562956828,
      "metrics": {
        "precision": 0.8866213151927438,
        "recall": 0.780439121756487,
        "f1": 0.8301486199575372,
        "accuracy": 0.9200799200799201,
        "auc_roc": 0.9321636540376941,
        "auc_pr": 0.9087711887751992,
        "average_precision": 0.9087711887751992,
        "true_positives": 391,
        "true_negatives": 1451,
        "false_positives": 50,
        "false_negatives": 110,
        "mean_normal_error": 6.533914884654314e-05,
        "mean_anomaly_error": 0.11096519430675449,
        "std_normal_error": 6.303779018589653e-05,
        "std_anomaly_error": 0.18790914593652924,
        "separability": 0.9994319020664378
      }
    },
    "percentile_99": {
      "threshold": 0.00034720654228599743,
      "metrics": {
        "precision": 0.9496221662468514,
        "recall": 0.7524950099800399,
        "f1": 0.8396436525612472,
        "accuracy": 0.9280719280719281,
        "auc_roc": 0.9321636540376941,
        "auc_pr": 0.9087711887751992,
        "average_precision": 0.9087711887751992,
        "true_positives": 377,
        "true_negatives": 1481,
        "false_positives": 20,
        "false_negatives": 124,
        "mean_normal_error": 6.533914884654314e-05,
        "mean_anomaly_error": 0.11096519430675449,
        "std_normal_error": 6.303779018589653e-05,
        "std_anomaly_error": 0.18790914593652924,
        "separability": 0.9994319020664378
      }
    },
    "percentile_99.5": {
      "threshold": 0.00040201503323912584,
      "metrics": {
        "precision": 0.9763157894736842,
        "recall": 0.7405189620758483,
        "f1": 0.8422247446083996,
        "accuracy": 0.9305694305694305,
        "auc_roc": 0.9321636540376941,
        "auc_pr": 0.9087711887751992,
        "average_precision": 0.9087711887751992,
        "true_positives": 371,
        "true_negatives": 1492,
        "false_positives": 9,
        "false_negatives": 130,
        "mean_normal_error": 6.533914884654314e-05,
        "mean_anomaly_error": 0.11096519430675449,
        "std_normal_error": 6.303779018589653e-05,
        "std_anomaly_error": 0.18790914593652924,
        "separability": 0.9994319020664378
      }
    },
    "std_2": {
      "threshold": 0.0001834175139102361,
      "metrics": {
        "precision": 0.8676789587852495,
        "recall": 0.7984031936127745,
        "f1": 0.8316008316008316,
        "accuracy": 0.919080919080919,
        "auc_roc": 0.9321636540376941,
        "auc_pr": 0.9087711887751992,
        "average_precision": 0.9087711887751992,
        "true_positives": 400,
        "true_negatives": 1440,
        "false_positives": 61,
        "false_negatives": 101,
        "mean_normal_error": 6.533914884654314e-05,
        "mean_anomaly_error": 0.11096519430675449,
        "std_normal_error": 6.303779018589653e-05,
        "std_anomaly_error": 0.18790914593652924,
        "separability": 0.9994319020664378
      }
    },
    "std_3": {
      "threshold": 0.0002431550469152288,
      "metrics": {
        "precision": 0.9127358490566038,
        "recall": 0.7724550898203593,
        "f1": 0.8367567567567568,
        "accuracy": 0.9245754245754245,
        "auc_roc": 0.9321636540376941,
        "auc_pr": 0.9087711887751992,
        "average_precision": 0.9087711887751992,
        "true_positives": 387,
        "true_negatives": 1464,
        "false_positives": 37,
        "false_negatives": 114,
        "mean_normal_error": 6.533914884654314e-05,
        "mean_anomaly_error": 0.11096519430675449,
        "std_normal_error": 6.303779018589653e-05,
        "std_anomaly_error": 0.18790914593652924,
        "separability": 0.9994319020664378
      }
    },
    "std_4": {
      "threshold": 0.0003028925799202215,
      "metrics": {
        "precision": 0.9339853300733496,
        "recall": 0.7624750499001997,
        "f1": 0.8395604395604396,
        "accuracy": 0.9270729270729271,
        "auc_roc": 0.9321636540376941,
        "auc_pr": 0.9087711887751992,
        "average_precision": 0.9087711887751992,
        "true_positives": 382,
        "true_negatives": 1474,
        "false_positives": 27,
        "false_negatives": 119,
        "mean_normal_error": 6.533914884654314e-05,
        "mean_anomaly_error": 0.11096519430675449,
        "std_normal_error": 6.303779018589653e-05,
        "std_anomaly_error": 0.18790914593652924,
        "separability": 0.9994319020664378
      }
    },
    "std_5": {
      "threshold": 0.0003626301129252142,
      "metrics": {
        "precision": 0.9640102827763496,
        "recall": 0.7485029940119761,
        "f1": 0.8426966292134831,
        "accuracy": 0.9300699300699301,
        "auc_roc": 0.9321636540376941,
        "auc_pr": 0.9087711887751992,
        "average_precision": 0.9087711887751992,
        "true_positives": 375,
        "true_negatives": 1487,
        "false_positives": 14,
        "false_negatives": 126,
        "mean_normal_error": 6.533914884654314e-05,
        "mean_anomaly_error": 0.11096519430675449,
        "std_normal_error": 6.303779018589653e-05,
        "std_anomaly_error": 0.18790914593652924,
        "separability": 0.9994319020664378
      }
    },
    "fbeta": {
      "threshold": 0.00014208690982477266,
      "metrics": {
        "precision": 0.8077669902912621,
        "recall": 0.8303393213572854,
        "f1": 0.8188976377952756,
        "accuracy": 0.9080919080919081,
        "auc_roc": 0.9321636540376941,
        "auc_pr": 0.9087711887751992,
        "average_precision": 0.9087711887751992,
        "true_positives": 416,
        "true_negatives": 1402,
        "false_positives": 99,
        "false_negatives": 85,
        "mean_normal_error": 6.533914884654314e-05,
        "mean_anomaly_error": 0.11096519430675449,