{
  "threshold": 0.0003626301129252142,
  "method": "std_5",
  "f1_test": 0.8426966292134831
}