{"loss": [0.0037581974174827337, 0.0006741206743754447, 0.0006102420738898218, 0.0005603565368801355, 0.0005101179121993482, 0.00045977142872288823, 0.000412915600463748, 0.0004051208670716733, 0.0006536720902658999, 0.00037096848245710135, 0.0002601169981062412, 0.00034533030702732503, 0.00039936252869665623, 0.0005678288289345801, 0.00022264276049099863, 0.0003481405437923968, 0.00027811952168121934, 0.0003099560854025185, 0.00043544970685616136, 0.00035960832610726357, 0.000142574732308276, 0.000200764334294945, 0.000504293420817703, 0.000161569521878846, 0.0001974340557353571, 0.0002720686316024512, 0.0007732793455943465, 0.00013888732064515352, 0.00011308593093417585, 0.0001226966705871746, 0.000228858960326761, 0.0005376495537348092, 0.00017543486319482327, 0.00011466316937003285, 0.0001433648430975154, 0.0002757611218839884, 0.0003432908561080694, 0.000114192116598133, 0.00012217654148116708, 0.0003550240653567016, 0.00022295632516033947, 0.00034478490124456584, 0.0001263473677681759, 0.00014360080240294337, 0.00029721303144469857, 0.0002872046025004238, 0.00011364836245775223, 8.768048428464681e-05, 0.0001609098253538832, 0.000351450580637902, 0.0002469827013555914, 0.00022412535327021033, 0.00022626321879215539, 0.00028913156711496413, 0.00015571399126201868, 0.00014234520494937897, 0.0001668861077632755, 0.00013000666513107717, 9.276207856601104e-05, 0.00014124605513643473, 0.0003063157491851598, 0.00019276705279480666, 0.00024120185116771609, 0.0003186092362739146, 9.624759695725515e-05, 6.35476826573722e-05, 8.651083771837875e-05, 0.0001847620151238516, 0.00015288848953787237, 0.00018967730284202844, 0.00016446091467514634, 0.00012571406841743737, 0.00025536809698678553, 0.0003236541524529457, 0.00010018057946581393, 9.273528849007562e-05, 0.00011680650641210377, 0.0001486822438891977, 0.00011990055645583197, 0.00012283246906008571, 0.00017387875413987786, 0.00015435840759892017, 7.80670452513732e-05, 0.00011130958591820672, 0.0004160858516115695], "val_loss": [0.0006956328288652003, 0.0006031985394656658, 0.000553977966774255, 0.0005075272056274116, 0.0004602182889357209, 0.00041535275522619486, 0.0003831991634797305, 0.0004399537283461541, 0.0006008885684423149, 0.0002615978883113712, 0.0002639330632518977, 0.00033464381704106927, 0.0008013873593881726, 0.0002242712798761204, 0.000258880783803761, 0.00035515098716132343, 0.0002550270583014935, 0.0003210919676348567, 0.0006408818298950791, 0.00016191249596886337, 0.00013537587074097246, 0.0004646765301004052, 0.00019648915622383356, 0.000168055878020823, 0.00023372378200292587, 0.0004748368519358337, 0.00021014001686125994, 0.00011488616291899234, 0.00011233157420065254, 0.00014491462206933647, 0.0004236818349454552, 0.00032262306194752455, 0.00011054278002120554, 0.00011757012543966994, 0.00018044871103484184, 0.0003971422847826034, 0.0001744723122101277, 8.7151893239934e-05, 0.0002317867911187932, 0.0002601431915536523, 0.00033525843173265457, 0.00016764474275987595, 0.00011021794489352033, 0.00019534620514605194, 0.0003751185431610793, 0.00016080751083791256, 8.304131915792823e-05, 0.00010007712990045547, 0.0002714594011195004, 0.00028885886422358453, 0.0002562324225436896, 0.00019476392481010407, 0.0003134763683192432, 0.0002018861414398998, 0.00014009080769028515, 0.00015396621893160045, 0.00016516863252036273, 0.000100220728199929, 9.709368896437809e-05, 0.00025325402384623885, 0.00027242055512033403, 0.00016679706459399313, 0.0003614189918152988, 0.0001699134591035545, 6.395844684448093e-05, 6.631687574554235e-05, 0.00013214182399678975, 0.00019174809858668596, 0.0001498920755693689, 0.0002017314691329375, 0.00012394081568345428, 0.00015356599760707468, 0.00039551116060465574, 0.0001342923060292378, 8.522003190591931e-05, 9.703886462375522e-05, 0.00015263480599969625, 0.00013088740524835885, 0.00011333456495776772, 0.00014930473116692156, 0.00019578856881707907, 9.273530304199085e-05, 7.35679641366005e-05, 0.00020741722255479544, 0.0005055703222751617]}