{
  "precision": 0.9227166276346604,
  "recall": 0.7864271457085829,
  "f1": 0.8491379310344828,
  "accuracy": 0.9300699300699301,
  "auc_roc": 0.937861784758265,
  "auc_pr": 0.9154409952666417,
  "average_precision": 0.9154409952666417,
  "true_positives": 394,
  "true_negatives": 1468,
  "false_positives": 33,
  "false_negatives": 107,
  "mean_normal_error": 4.176916879506383e-05,
  "mean_anomaly_error": 0.10230923452943508,
  "std_normal_error": 4.449736173142945e-05,
  "std_anomaly_error": 0.17625674912829029,
  "separability": 0.9995650815354586,
  "threshold": 0.00015962793746355917,
  "threshold_method": "std_3",
  "all_thresholds": {
    "percentile_90": {
      "threshold": 6.756814127452191e-05,
      "metrics": {
        "precision": 0.7366666666666667,
        "recall": 0.8822355289421158,
        "f1": 0.8029064486830154,
        "accuracy": 0.8916083916083916,
        "auc_roc": 0.937861784758265,
        "auc_pr": 0.9154409952666417,
        "average_precision": 0.9154409952666417,
        "true_positives": 442,
        "true_negatives": 1343,
        "false_positives": 158,
        "false_negatives": 59,
        "mean_normal_error": 4.176916879506383e-05,
        "mean_anomaly_error": 0.10230923452943508,
        "std_normal_error": 4.449736173142945e-05,
        "std_anomaly_error": 0.17625674912829029,
        "separability": 0.9995650815354586
      }
    },
    "percentile_95": {
      "threshold": 9.574893743559527e-05,
      "metrics": {
        "precision": 0.8158914728682171,
        "recall": 0.8403193612774451,
        "f1": 0.8279252704031466,
        "accuracy": 0.9125874125874126,
        "auc_roc": 0.937861784758265,
        "auc_pr": 0.9154409952666417,
        "average_precision": 0.9154409952666417,
        "true_positives": 421,
        "true_negatives": 1406,
        "false_positives": 95,
        "false_negatives": 80,
        "mean_normal_error": 4.176916879506383e-05,
        "mean_anomaly_error": 0.10230923452943508,
        "std_normal_error": 4.449736173142945e-05,
        "std_anomaly_error": 0.17625674912829029,
        "separability": 0.9995650815354586
      }
    },
    "percentile_97": {
      "threshold": 0.00012359725016088311,
      "metrics": {
        "precision": 0.8717948717948718,
        "recall": 0.8143712574850299,
        "f1": 0.8421052631578947,
        "accuracy": 0.9235764235764236,
        "auc_roc": 0.937861784758265,
        "auc_pr": 0.9154409952666417,
        "average_precision": 0.9154409952666417,
        "true_positives": 408,
        "true_negatives": 1441,
        "false_positives": 60,
        "false_negatives": 93,
        "mean_normal_error": 4.176916879506383e-05,
        "mean_anomaly_error": 0.10230923452943508,
        "std_normal_error": 4.449736173142945e-05,
        "std_anomaly_error": 0.17625674912829029,
        "separability": 0.9995650815354586
      }
    },
    "percentile_99": {
      "threshold": 0.00019801176006029622,
      "metrics": {
        "precision": 0.941320293398533,
        "recall": 0.7684630738522954,
        "f1": 0.8461538461538461,
        "accuracy": 0.9300699300699301,
        "auc_roc": 0.937861784758265,
        "auc_pr": 0.9154409952666417,
        "average_precision": 0.9154409952666417,
        "true_positives": 385,
        "true_negatives": 1477,
        "false_positives": 24,
        "false_negatives": 116,
        "mean_normal_error": 4.176916879506383e-05,
        "mean_anomaly_error": 0.10230923452943508,
        "std_normal_error": 4.449736173142945e-05,
        "std_anomaly_error": 0.17625674912829029,
        "separability": 0.9995650815354586
      }
    },
    "percentile_99.5": {
      "threshold": 0.0002770782704865249,
      "metrics": {
        "precision": 0.9709762532981531,
        "recall": 0.7345309381237525,
        "f1": 0.8363636363636363,
        "accuracy": 0.9280719280719281,
        "auc_roc": 0.937861784758265,
        "auc_pr": 0.9154409952666417,
        "average_precision": 0.9154409952666417,
        "true_positives": 368,
        "true_negatives": 1490,
        "false_positives": 11,
        "false_negatives": 133,
        "mean_normal_error": 4.176916879506383e-05,
        "mean_anomaly_error": 0.10230923452943508,
        "std_normal_error": 4.449736173142945e-05,
        "std_anomaly_error": 0.17625674912829029,
        "separability": 0.9995650815354586
      }
    },
    "std_2": {
      "threshold": 0.00011967138910018758,
      "metrics": {
        "precision": 0.8631578947368421,
        "recall": 0.8183632734530938,
        "f1": 0.8401639344262295,
        "accuracy": 0.922077922077922,
        "auc_roc": 0.937861784758265,
        "auc_pr": 0.9154409952666417,
        "average_precision": 0.9154409952666417,
        "true_positives": 410,
        "true_negatives": 1436,
        "false_positives": 65,
        "false_negatives": 91,
        "mean_normal_error": 4.176916879506383e-05,
        "mean_anomaly_error": 0.10230923452943508,
        "std_normal_error": 4.449736173142945e-05,
        "std_anomaly_error": 0.17625674912829029,
        "separability": 0.9995650815354586
      }
    },
    "std_3": {
      "threshold": 0.00015962793746355917,
      "metrics": {
        "precision": 0.9227166276346604,
        "recall": 0.7864271457085829,
        "f1": 0.8491379310344828,
        "accuracy": 0.9300699300699301,
        "auc_roc": 0.937861784758265,
        "auc_pr": 0.9154409952666417,
        "average_precision": 0.9154409952666417,
        "true_positives": 394,
        "true_negatives": 1468,
        "false_positives": 33,
        "false_negatives": 107,
        "mean_normal_error": 4.176916879506383e-05,
        "mean_anomaly_error": 0.10230923452943508,
        "std_normal_error": 4.449736173142945e-05,
        "std_anomaly_error": 0.17625674912829029,
        "separability": 0.9995650815354586
      }
    },
    "std_4": {
      "threshold": 0.00019958448582693081,
      "metrics": {
        "precision": 0.9411764705882353,
        "recall": 0.7664670658682635,
        "f1": 0.8448844884488449,
        "accuracy": 0.9295704295704296,
        "auc_roc": 0.937861784758265,
        "auc_pr": 0.9154409952666417,
        "average_precision": 0.9154409952666417,
        "true_positives": 384,
        "true_negatives": 1477,
        "false_positives": 24,
        "false_negatives": 117,
        "mean_normal_error": 4.176916879506383e-05,
        "mean_anomaly_error": 0.10230923452943508,
        "std_normal_error": 4.449736173142945e-05,
        "std_anomaly_error": 0.17625674912829029,
        "separability": 0.9995650815354586
      }
    },
    "std_5": {
      "threshold": 0.0002395410341903024,
      "metrics": {
        "precision": 0.9540816326530612,
        "recall": 0.7465069860279441,
        "f1": 0.8376259798432251,
        "accuracy": 0.9275724275724275,
        "auc_roc": 0.937861784758265,
        "auc_pr": 0.9154409952666417,
        "average_precision": 0.9154409952666417,
        "true_positives": 374,
        "true_negatives": 1483,
        "false_positives": 18,
        "false_negatives": 127,
        "mean_normal_error": 4.176916879506383e-05,
        "mean_anomaly_error": 0.10230923452943508,
        "std_normal_error": 4.449736173142945e-05,
        "std_anomaly_error": 0.17625674912829029,
        "separability": 0.9995650815354586
      }
    },
    "fbeta": {
      "threshold": 9.560764356113739e-05,
      "metrics": {
        "precision": 0.8158914728682171,
        "recall": 0.8403193612774451,
        "f1": 0.8279252704031466,
        "accuracy": 0.9125874125874126,
        "auc_roc": 0.937861784758265,
        "auc_pr": 0.9154409952666417,
        "average_precision": 0.9154409952666417,
        "true_positives": 421,
        "true_negatives": 1406,
        "false_positives": 95,
        "false_negatives": 80,
        "mean_normal_error": 4.176916879506383e-05,
        "mean_anomaly_error": 0.10230923452943508,