{
  "threshold": 0.00015962793746355917,
  "method": "std_3",
  "f1_test": 0.8491379310344828
}