{"loss": [1.1060325050493702e-05, 1.1049265594920143e-05, 1.1034680937882513e-05, 1.1020220881619025e-05, 1.100724512070883e-05, 1.099732344300719e-05, 1.0986532288370654e-05, 1.097195581678534e-05, 1.0956107871606946e-05, 1.0943085726466961e-05, 1.0933844350802246e-05, 1.092662296287017e-05, 1.0914406630035955e-05, 1.0904209375439677e-05, 1.0890475095948204e-05, 1.0886319614655804e-05, 1.0876643500523642e-05, 1.0867954188142903e-05, 1.085737494577188e-05, 1.0843890777323395e-05, 1.083089409803506e-05, 1.0820968782354612e-05, 1.0807661965372972e-05, 1.079560024663806e-05, 1.0787707651616074e-05, 1.0776550880109426e-05, 1.0768338142952416e-05, 1.0759930773929227e-05, 1.0752384696388617e-05, 1.0742734048108105e-05, 1.0735284377005883e-05, 1.0725285392254591e-05, 1.0716891665651929e-05, 1.070655525836628e-05, 1.0695978744479362e-05, 1.0685894267226104e-05, 1.0674853911041282e-05, 1.0665273293852806e-05, 1.0657859093043953e-05, 1.0648853276506998e-05, 1.0639198080752976e-05, 1.0628656127664726e-05, 1.0620036846376024e-05, 1.0612604455673136e-05, 1.0602787369862199e-05, 1.0593414117465727e-05, 1.0583185030554887e-05, 1.0569999176368583e-05, 1.0561395356489811e-05, 1.0555097105680034e-05, 1.0547173587838188e-05, 1.0541119081608485e-05, 1.053093365044333e-05], "val_loss": [1.100275130738737e-05, 1.0988892427121755e-05, 1.0976837984344456e-05, 1.0965063665935304e-05, 1.0956790902127977e-05, 1.0943034794763662e-05, 1.0931720680673607e-05, 1.0914045560639352e-05, 1.0900617780862376e-05, 1.0886803465837147e-05, 1.088248518499313e-05, 1.08712865767302e-05, 1.0857345841941424e-05, 1.0845151336980052e-05, 1.0843705240404233e-05, 1.0829794518940616e-05, 1.083037113858154e-05, 1.0814328561536968e-05, 1.0799213669088203e-05, 1.0786958227981813e-05, 1.0776549970614724e-05, 1.0763650607259478e-05, 1.075594627764076e-05, 1.0738408491306473e-05, 1.0729268979048356e-05, 1.0720816135290079e-05, 1.0717571058194153e-05, 1.0703142834245227e-05, 1.0692716386984102e-05, 1.0688152542570606e-05, 1.0679061233531684e-05, 1.0669062248780392e-05, 1.0661328815331217e-05, 1.0652283890522085e-05, 1.0646573173289653e-05, 1.0631760233081877e-05, 1.0626906259858515e-05, 1.0621345609251875e-05, 1.059922306012595e-05, 1.0602327165543102e-05, 1.0592467333481181e-05, 1.0574263797025196e-05, 1.0567091521807015e-05, 1.0558818757999688e-05, 1.0548788850428537e-05, 1.053378582582809e-05, 1.0524549907131586e-05, 1.05202989288955e-05, 1.0515665053389966e-05, 1.0504392776056193e-05, 1.050249284162419e-05, 1.0487558938621078e-05, 1.0484592166903894e-05]}