{
  "threshold": 0.008068306544405561,
  "method": "f1",
  "f1_test": 0.8949649883294432
}