{"kl_loss": [1.5007617473602295, 1.502928614616394, 1.5046499967575073, 1.5027575492858887, 1.5054428577423096, 1.5099633932113647, 1.5050581693649292, 1.5050238370895386, 1.5049928426742554, 1.5045117139816284, 1.5017715692520142, 1.5039160251617432, 1.5081806182861328, 1.5018104314804077, 1.5065314769744873, 1.5074938535690308, 1.5063382387161255, 1.5064951181411743, 1.5080347061157227, 1.5055789947509766, 1.501611351966858, 1.5067483186721802, 1.5056308507919312, 1.5069561004638672, 1.508027195930481, 1.5045607089996338, 1.5057882070541382, 1.5027567148208618, 1.5036351680755615, 1.5057486295700073, 1.5055756568908691, 1.505728840827942, 1.5057988166809082, 1.5056871175765991, 1.5057282447814941, 1.505847454071045, 1.505840539932251, 1.5056004524230957, 1.5057282447814941, 1.5057716369628906, 1.5056854486465454, 1.5059874057769775], "loss": [0.6205540299415588, 0.6132738590240479, 0.5427957773208618, 0.609022319316864, 0.6359626650810242, 0.6056910157203674, 0.6431163549423218, 0.6269803047180176, 0.6508691906929016, 0.6538464426994324, 0.5835802555084229, 0.5948268175125122, 0.5516843199729919, 0.562605082988739, 0.5402383208274841, 0.5546898245811462, 0.7360066771507263, 0.6379615664482117, 0.6117613315582275, 0.5706665515899658, 0.6867924928665161, 0.5959204435348511, 0.5933272242546082, 0.578389048576355, 0.6594424247741699, 0.6432202458381653, 0.5459083914756775, 0.5600770115852356, 0.5925787091255188, 0.5800554752349854, 0.6333723068237305, 0.6112310886383057, 0.5638664960861206, 0.5636328458786011, 0.6785153150558472, 0.560667097568512, 0.6832481622695923, 0.6456241011619568, 0.6921645402908325, 0.5796653032302856, 0.6128323078155518, 0.6013785600662231], "recon_loss": [0.16888085007667542, 0.17216572165489197, 0.1762104630470276, 0.17757105827331543, 0.1763005405664444, 0.17548012733459473, 0.17426028847694397, 0.17384958267211914, 0.17276360094547272, 0.1719486266374588, 0.1716168075799942, 0.17064881324768066, 0.1702631413936615, 0.1695854663848877, 0.16887220740318298, 0.16825516521930695, 0.16808094084262848, 0.16735418140888214, 0.16672173142433167, 0.16598770022392273, 0.1656198799610138, 0.1655167192220688, 0.16478762030601501, 0.1642490178346634, 0.1635103076696396, 0.16377702355384827, 0.16306878626346588, 0.16353608667850494, 0.16335909068584442, 0.1626933515071869, 0.16264887154102325, 0.16326084733009338, 0.1621740162372589, 0.16353729367256165, 0.16383084654808044, 0.16244694590568542, 0.16367945075035095, 0.16219770908355713, 0.16390058398246765, 0.16158762574195862, 0.16294193267822266, 0.16276800632476807], "val_kl_loss": [1.5733779668807983, 1.573423147201538, 1.5771210193634033, 1.565614104270935, 1.5265849828720093, 1.5875941514968872, 1.5129460096359253, 1.569618582725525, 1.6000710725784302, 1.5800507068634033, 1.5716137886047363, 1.5934687852859497, 1.53250253200531, 1.5100324153900146, 1.5561420917510986, 1.5089852809906006, 1.5581265687942505, 1.5466490983963013, 1.5527849197387695, 1.530937671661377, 1.542667031288147, 1.5725758075714111, 1.555426001548767, 1.5488773584365845, 1.544449806213379, 1.5555939674377441, 1.5471841096878052, 1.5543526411056519, 1.5555058717727661, 1.5547486543655396, 1.5550484657287598, 1.5553057193756104, 1.555090308189392, 1.555029273033142, 1.5550624132156372, 1.5552351474761963, 1.5551481246948242, 1.5545654296875, 1.5551321506500244, 1.5550578832626343, 1.5552244186401367, 1.555326223373413], "val_loss": [0.6334595084190369, 0.6260876655578613, 0.5911570191383362, 0.6829788684844971, 0.5874581933021545, 0.6658632755279541, 0.6848894357681274, 0.6727180480957031, 0.66380375623703, 0.6072670817375183, 0.760079562664032, 0.6155427098274231, 0.636258065700531, 0.60675048828125, 0.6164932250976562, 0.6731863021850586, 0.6185984015464783, 0.682592511177063, 0.6124088764190674, 0.5875241160392761, 0.6584399938583374, 0.5608542561531067, 0.6690692901611328, 0.6414043307304382, 0.61402827501297, 0.7901006937026978, 0.5646176338195801, 0.6124647259712219, 0.5906703472137451, 0.5765293836593628, 0.6265442371368408, 0.6176872253417969, 0.6092327833175659, 0.6870558261871338, 0.6632370948791504, 0.7125837802886963, 0.5804404616355896, 0.6982855796813965, 0.5768194794654846, 0.6031742691993713, 0.577938973903656, 0.6525458097457886], "val_recon_loss": [0.16144610941410065, 0.15406069159507751, 0.1180206686258316, 0.2132946252822876, 0.129482701420784, 0.18958500027656555, 0.23100566864013672, 0.20183248817920685, 0.1837824136018753, 0.1332518607378006, 0.28859540820121765, 0.13750208914279938, 0.17650729417800903, 0.1537407487630844, 0.14965060353279114, 0.22049067914485931, 0.15116046369075775, 0.21859776973724365, 0.14657345414161682, 0.12824279069900513, 0.19563990831375122, 0.0890815481543541, 0.20244154334068298, 0.1767411082983017, 0.1506933569908142, 0.32342249155044556, 0.100462406873703, 0.14615894854068756, 0.12401863932609558, 0.1101047694683075, 0.16002967953681946, 0.15109552443027496, 0.14270569384098053, 0.22054706513881683, 0.19671836495399475, 0.24601322412490845, 0.11389602720737457, 0.23191596567630768, 0.11027983576059341, 0.13665689527988434, 0.11137161403894424, 0.18594792485237122]}