{
  "threshold": 0.003899707669564804,
  "method": "percentile_90",
  "f1_test": 0.8687978333307974
}