{
  "precision": 0.9724482188583838,
  "recall": 0.8658547144217726,
  "f1": 0.9160610687022901,
  "accuracy": 0.9065093184600734,
  "auc_roc": 0.9554178685739048,
  "auc_pr": 0.9755224139248964,
  "average_precision": 0.9755224139248964,
  "true_positives": 30001,
  "true_negatives": 23309,
  "false_positives": 850,
  "false_negatives": 4648,
  "mean_normal_error": 1.0660656303994528e-05,
  "mean_anomaly_error": 0.3664524271989609,
  "std_normal_error": 1.548439899351683e-05,
  "std_anomaly_error": 0.3439909780756188,
  "separability": 0.9999577456880612,
  "threshold": 4.572968330626303e-05,
  "threshold_method": "f1",
  "all_thresholds": {
    "percentile_90": {
      "threshold": 2.7027320698157355e-05,
      "metrics": {
        "precision": 0.9238321838388097,
        "recall": 0.8852780744033016,
        "f1": 0.9041443140953841,
        "accuracy": 0.8894028023398177,
        "auc_roc": 0.9554178685739048,
        "auc_pr": 0.9755224139248964,
        "average_precision": 0.9755224139248964,
        "true_positives": 30674,
        "true_negatives": 21630,
        "false_positives": 2529,
        "false_negatives": 3975,
        "mean_normal_error": 1.0660656303994528e-05,
        "mean_anomaly_error": 0.3664524271989609,
        "std_normal_error": 1.548439899351683e-05,
        "std_anomaly_error": 0.3439909780756188,
        "separability": 0.9999577456880612
      }
    },
    "percentile_95": {
      "threshold": 3.843820746498689e-05,
      "metrics": {
        "precision": 0.9605208829601397,
        "recall": 0.8728101821120379,
        "f1": 0.9145673934738561,
        "accuracy": 0.9039246361039315,
        "auc_roc": 0.9554178685739048,
        "auc_pr": 0.9755224139248964,
        "average_precision": 0.9755224139248964,
        "true_positives": 30242,
        "true_negatives": 22916,
        "false_positives": 1243,
        "false_negatives": 4407,
        "mean_normal_error": 1.0660656303994528e-05,
        "mean_anomaly_error": 0.3664524271989609,
        "std_normal_error": 1.548439899351683e-05,
        "std_anomaly_error": 0.3439909780756188,
        "separability": 0.9999577456880612
      }
    },
    "percentile_97": {
      "threshold": 4.859651584809095e-05,
      "metrics": {
        "precision": 0.9757896110676064,
        "recall": 0.863112932552166,
        "f1": 0.9159992036387583,
        "accuracy": 0.9067303768194803,
        "auc_roc": 0.9554178685739048,
        "auc_pr": 0.9755224139248964,
        "average_precision": 0.9755224139248964,
        "true_positives": 29906,
        "true_negatives": 23417,
        "false_positives": 742,
        "false_negatives": 4743,
        "mean_normal_error": 1.0660656303994528e-05,
        "mean_anomaly_error": 0.3664524271989609,
        "std_normal_error": 1.548439899351683e-05,
        "std_anomaly_error": 0.3439909780756188,
        "separability": 0.9999577456880612
      }
    },
    "percentile_99": {
      "threshold": 8.214993626631258e-05,
      "metrics": {
        "precision": 0.991585233441911,
        "recall": 0.843429824814569,
        "f1": 0.9115266449369162,
        "accuracy": 0.9035335328526731,
        "auc_roc": 0.9554178685739048,
        "auc_pr": 0.9755224139248964,
        "average_precision": 0.9755224139248964,
        "true_positives": 29224,
        "true_negatives": 23911,
        "false_positives": 248,
        "false_negatives": 5425,
        "mean_normal_error": 1.0660656303994528e-05,
        "mean_anomaly_error": 0.3664524271989609,
        "std_normal_error": 1.548439899351683e-05,
        "std_anomaly_error": 0.3439909780756188,
        "separability": 0.9999577456880612
      }
    },
    "percentile_99.5": {
      "threshold": 9.651564214304554e-05,
      "metrics": {
        "precision": 0.9956074124914207,
        "recall": 0.8373113221160784,
        "f1": 0.9096239163492138,
        "accuracy": 0.9019691198476397,
        "auc_roc": 0.9554178685739048,
        "auc_pr": 0.9755224139248964,
        "average_precision": 0.9755224139248964,
        "true_positives": 29012,
        "true_negatives": 24031,
        "false_positives": 128,
        "false_negatives": 5637,
        "mean_normal_error": 1.0660656303994528e-05,
        "mean_anomaly_error": 0.3664524271989609,
        "std_normal_error": 1.548439899351683e-05,
        "std_anomaly_error": 0.3439909780756188,
        "separability": 0.9999577456880612
      }
    },
    "std_2": {
      "threshold": 4.089641759778022e-05,
      "metrics": {
        "precision": 0.9668483488297531,
        "recall": 0.8703281479984992,
        "f1": 0.916052795455581,
        "accuracy": 0.9060161882737042,
        "auc_roc": 0.9554178685739048,
        "auc_pr": 0.9755224139248964,
        "average_precision": 0.9755224139248964,
        "true_positives": 30156,
        "true_negatives": 23125,
        "false_positives": 1034,
        "false_negatives": 4493,
        "mean_normal_error": 1.0660656303994528e-05,
        "mean_anomaly_error": 0.3664524271989609,
        "std_normal_error": 1.548439899351683e-05,
        "std_anomaly_error": 0.3439909780756188,
        "separability": 0.9999577456880612
      }
    },
    "std_3": {
      "threshold": 5.610948749656335e-05,
      "metrics": {
        "precision": 0.9771785596843143,
        "recall": 0.8576293688129527,
        "f1": 0.9135092761954534,
        "accuracy": 0.9043157393551897,
        "auc_roc": 0.9554178685739048,
        "auc_pr": 0.9755224139248964,
        "average_precision": 0.9755224139248964,
        "true_positives": 29716,
        "true_negatives": 23465,
        "false_positives": 694,
        "false_negatives": 4933,
        "mean_normal_error": 1.0660656303994528e-05,
        "mean_anomaly_error": 0.3664524271989609,
        "std_normal_error": 1.548439899351683e-05,
        "std_anomaly_error": 0.3439909780756188,
        "separability": 0.9999577456880612
      }
    },
    "std_4": {
      "threshold": 7.132255739534648e-05,
      "metrics": {
        "precision": 0.9871110663578693,
        "recall": 0.8487690842448555,
        "f1": 0.9127277241550542,
        "accuracy": 0.9043667528227453,
        "auc_roc": 0.9554178685739048,
        "auc_pr": 0.9755224139248964,
        "average_precision": 0.9755224139248964,
        "true_positives": 29409,
        "true_negatives": 23775,
        "false_positives": 384,
        "false_negatives": 5240,
        "mean_normal_error": 1.0660656303994528e-05,
        "mean_anomaly_error": 0.3664524271989609,
        "std_normal_error": 1.548439899351683e-05,
        "std_anomaly_error": 0.3439909780756188,
        "separability": 0.9999577456880612
      }
    },
    "std_5": {
      "threshold": 8.653562729412962e-05,
      "metrics": {
        "precision": 0.993761292741963,
        "recall": 0.8412941210424544,
        "f1": 0.9111937732487262,
        "accuracy": 0.9033804924500068,
        "auc_roc": 0.9554178685739048,
        "auc_pr": 0.9755224139248964,
        "average_precision": 0.9755224139248964,
        "true_positives": 29150,
        "true_negatives": 23976,
        "false_positives": 183,
        "false_negatives": 5499,
        "mean_normal_error": 1.0660656303994528e-05,
        "mean_anomaly_error": 0.3664524271989609,
        "std_normal_error": 1.548439899351683e-05,
        "std_anomaly_error": 0.3439909780756188,
        "separability": 0.9999577456880612
      }
    },
    "f1": {
      "threshold": 4.572968330626303e-05,
      "metrics": {
        "precision": 0.9724482188583838,
        "recall": 0.8658547144217726,
        "f1": 0.9160610687022901,
        "accuracy": 0.9065093184600734,
        "auc_roc": 0.9554178685739048,
        "auc_pr": 0.9755224139248964,
        "average_precision": 0.9755224139248964,
        "true_positives": 30001,
        "true_negatives": 23309,
        "false_positives": 850,
        "false_negatives": 4648,
        "mean_normal_error": 1.0660656303994528e-05,
        "mean_anomaly_error": 0.3664524271989609,