{
  "threshold": 4.572968330626303e-05,
  "method": "f1",
  "f1_test": 0.9160610687022901
}