{
  "threshold": 0.009095081307790225,
  "method": "percentile_99",
  "f1_test": 0.8602620087336245
}