{"loss": [0.4934166669845581, 0.169905886054039, 0.10614871978759766, 0.08734364062547684, 0.08057253062725067, 0.07660848647356033, 0.07384052872657776, 0.0685998946428299, 0.0555720217525959, 0.058843690901994705, 0.04228239506483078, 0.04256998002529144, 0.03653767704963684, 0.03545235097408295, 0.03239884227514267, 0.03204044699668884, 0.029755091294646263, 0.031583271920681, 0.03313399851322174, 0.03090238943696022, 0.029203981161117554, 0.028061173856258392, 0.02886088564991951, 0.027735762298107147, 0.029785489663481712, 0.028488559648394585, 0.02925853803753853, 0.027880603447556496, 0.024160850793123245, 0.02800147794187069, 0.023621991276741028, 0.023354044184088707, 0.027187393978238106, 0.02350376918911934, 0.02278227172791958, 0.02773306332528591, 0.029363421723246574, 0.022155502811074257, 0.021960629150271416, 0.020182207226753235, 0.02276289090514183, 0.023087358102202415, 0.024455366656184196, 0.02228313870728016, 0.01995841972529888, 0.019901134073734283, 0.023166734725236893, 0.02046789601445198, 0.020179828628897667, 0.018393412232398987, 0.02101566083729267, 0.020460709929466248, 0.018745863810181618, 0.020311560481786728, 0.020639585331082344, 0.01830885373055935, 0.01639282889664173, 0.01963137276470661, 0.021902620792388916, 0.019983069971203804, 0.01696871407330036, 0.016467848792672157, 0.01693427935242653, 0.015979541465640068, 0.02731095626950264, 0.021936411038041115, 0.017781320959329605, 0.01764089986681938, 0.014759022742509842, 0.01489973347634077, 0.017259687185287476, 0.016407767310738564, 0.01967751793563366, 0.01992354542016983, 0.014615020714700222, 0.01642651855945587, 0.015452920459210873, 0.016393721103668213, 0.015561061911284924, 0.014472026377916336, 0.016742030158638954, 0.018819434568285942, 0.018534647300839424, 0.01792149618268013, 0.015648260712623596, 0.01278780959546566, 0.01339300349354744, 0.014728973619639874, 0.014054015278816223, 0.014330458827316761, 0.013423268683254719, 0.01815386302769184, 0.016575897112488747, 0.014693435281515121, 0.012724603526294231, 0.014224299229681492, 0.014262720942497253, 0.015242435038089752, 0.013747324235737324, 0.015414047986268997], "val_loss": [0.3022032082080841, 0.10239628702402115, 0.07543370127677917, 0.06091960147023201, 0.05617377161979675, 0.05030245706439018, 0.04781756177544594, 0.03566260263323784, 0.04353710636496544, 0.011537733487784863, 0.015507400967180729, 0.012479592114686966, 0.0061302222311496735, 0.00820276327431202, 0.009172549471259117, 0.00850690808147192, 0.023005418479442596, 0.00400129659101367, 0.008223699405789375, 0.022433625534176826, 0.003998061176389456, 0.00437155831605196, 0.009315255098044872, 0.003916457295417786, 0.004984400700777769, 0.033289846032857895, 0.00716607179492712, 0.02337001822888851, 0.010118278674781322, 0.0035819467157125473, 0.005607130471616983, 0.004876741208136082, 0.006714259274303913, 0.003654251340776682, 0.01625574566423893, 0.03302251175045967, 0.012104607187211514, 0.0068951817229390144, 0.0044406927190721035, 0.003476734273135662, 0.0032282951287925243, 0.004990664776414633, 0.027460919693112373, 0.002999408869072795, 0.007364047225564718, 0.02095826342701912, 0.009929310530424118, 0.006132127251476049, 0.0035432903096079826, 0.004054395481944084, 0.01293348427861929, 0.017692415043711662, 0.005212672054767609, 0.026724912226200104, 0.003348993370309472, 0.006622983142733574, 0.0027280617505311966, 0.008969797752797604, 0.026045557111501694, 0.005672238301485777, 0.005847830791026354, 0.004959068726748228, 0.0057260277681052685, 0.026850106194615364, 0.00467947730794549, 0.01680964045226574, 0.005181381478905678, 0.006630535703152418, 0.008791168220341206, 0.0027059316635131836, 0.006010429468005896, 0.018960928544402122, 0.002879581181332469, 0.0065516275353729725, 0.006204902660101652, 0.008715804666280746, 0.011481882072985172, 0.0029239642899483442, 0.0026164373848587275, 0.0026063784025609493, 0.004380269907414913, 0.0034559930209070444, 0.004825463984161615, 0.02007026970386505, 0.0044660442508757114, 0.00791049376130104, 0.007483852095901966, 0.019452890381217003, 0.017774362117052078, 0.004221318289637566, 0.0025340556167066097, 0.005279154982417822, 0.0028944145888090134, 0.004107830114662647, 0.0026311944238841534, 0.002438899362459779, 0.004763762932270765, 0.015501545742154121, 0.013850963674485683, 0.006030578166246414]}