{
  "loss": [
    3.011922597885132,
    0.2910795211791992,
    0.15422993898391724,
    0.0706254094839096,
    0.04135759919881821,
    0.029477080330252647,
    0.024093547835946083,
    0.02134067751467228,
    0.01975664682686329,
    0.018697576597332954,
    0.017961421981453896,
    0.017380129545927048,
    0.016933077946305275,
    0.01654927060008049,
    0.016185959801077843,
    0.01590712182223797,
    0.015675965696573257,
    0.015507915057241917,
    0.015295665711164474,
    0.015176650136709213,
    0.015081039629876614,
    0.014972975477576256,
    0.014878765679895878,
    0.01478223130106926,
    0.01472380943596363,
    0.014670888893306255,
    0.014643936417996883,
    0.014581582508981228,
    0.014523278921842575,
    0.014478527940809727,
    0.014437307603657246,
    0.014376791194081306,
    0.014361368492245674,
    0.014298954978585243,
    0.014294100925326347,
    0.014282995834946632,
    0.014216918498277664,
    0.014210795052349567,
    0.01416956540197134,
    0.014193950220942497,
    0.01417525578290224,
    0.014156850054860115,
    0.014115904457867146,
    0.014121145009994507,
    0.014137155376374722,
    0.014122377149760723,
    0.0140555240213871,
    0.014134027995169163,
    0.01411884929984808,
    0.014089024625718594,
    0.014058735221624374,
    0.014056838117539883,
    0.014117906801402569,
    0.014047646895051003,
    0.013994473963975906,
    0.013966416008770466,
    0.013999947346746922,
    0.013995700515806675,
    0.014006451703608036,
    0.01396737340837717,
    0.014009012840688229,
    0.013984909281134605,
    0.013938480988144875,
    0.013928682543337345,
    0.013919361867010593,
    0.013931868597865105,
    0.013913260772824287,
    0.013970041647553444,
    0.013904741033911705,
    0.013922699727118015,
    0.01386999897658825,
    0.013860989362001419,
    0.013861388899385929,
    0.013866210356354713,
    0.013880684971809387,
    0.01385781541466713,
    0.013878751546144485,
    0.013888170011341572,
    0.013893391005694866,
    0.01383300218731165,
    0.013885360211133957,
    0.01385498233139515,
    0.01383149717003107,
    0.013916282914578915,
    0.013856317847967148,
    0.013894181698560715,
    0.013905792497098446,
    0.01388571597635746,
    0.013851587660610676
  ],
  "reconstruction_loss": [
    0.6020689010620117,
    0.05820713937282562,
    0.03083985112607479,
    0.014119605533778667,
    0.008268618024885654,
    0.005893717519938946,
    0.0048173596151173115,
    0.004266833886504173,
    0.003950443584471941,
    0.0037386221811175346,
    0.0035917102359235287,
    0.0034755137749016285,
    0.0033861349802464247,
    0.0033094126265496016,
    0.003236779011785984,
    0.0031811059452593327,
    0.003134868573397398,
    0.003101287642493844,
    0.0030588796362280846,
    0.0030350787565112114,
    0.003015918890014291,
    0.002994323382154107,
    0.0029755383729934692,
    0.0029562388081103563,
    0.0029445779509842396,
    0.0029339881148189306,
    0.0029286404605954885,
    0.0029161772690713406,
    0.002904527122154832,
    0.002895589452236891,
    0.0028873560950160027,
    0.002875254489481449,
    0.0028721862472593784,
    0.002859687665477395,
    0.0028587321285158396,
    0.002856520703062415,
    0.002843297552317381,
    0.0028420735616236925,
    0.002833825070410967,
    0.0028387228958308697,
    0.00283497734926641,
    0.002831313293427229,
    0.002823113463819027,
    0.002824166091158986,
    0.002827360760420561,
    0.0028243986889719963,
    0.00281104096211493,
    0.0028267514426261187,
    0.002823709277436137,
    0.0028177390340715647,
    0.0028116980101913214,
    0.0028113187290728092,
    0.002823533257469535,
    0.002809484489262104,
    0.002798854373395443,
    0.002793240128085017,
    0.002799954265356064,
    0.002799091162160039,
    0.0028012492693960667,
    0.0027934317477047443,
    0.002801758935675025,
    0.002796945394948125,
    0.0027876566164195538,
    0.0027856966480612755,
    0.002783838426694274,
    0.0027863411232829094,
    0.002782621653750539,
    0.0027939763385802507,
    0.0027809180319309235,
    0.0027845087461173534,
    0.0027739726938307285,
    0.002772165695205331,
    0.0027722495142370462,
    0.0027732152957469225,
    0.002776106121018529,
    0.0027715328615158796,
    0.0027757282368838787,
    0.0027776090428233147,
    0.0027786544524133205,
    0.0027665758971124887,
    0.002777047688141465,
    0.0027709754649549723,
    0.002766276244074106,
    0.0027832374908030033,
    0.002771238796412945,
    0.002778812311589718,
    0.002781136427074671,
    0.002777120564132929,
    0.002770298859104514
  ],
  "contrastive_loss": [
    0.003155901562422514,
    8.76585254445672e-05,
    6.132270937087014e-05,
    5.477468221215531e-05,
    2.900179970311001e-05,
    1.6990061340038665e-05,
    1.3503206901077647e-05,
    1.3012398994760588e-05,
    8.85883673618082e-06,
    8.92762363946531e-06,
    5.743088422605069e-06,
    5.1199235713284e-06,
    4.805713615496643e-06,
    4.41355177827063e-06,
    4.135335075261537e-06,
    3.1892004699329846e-06,
    3.2430248211312573e-06,
    2.9509324122045655e-06,
    2.5367580747115426e-06,
    2.5095550881815143e-06,
    2.8922777346451767e-06,
    2.719167241593823e-06,
    2.148010707969661e-06,
    2.0734464669658337e-06,
    1.8416345710647875e-06,
    1.8951840274894494e-06,
    1.4694821857119678e-06,
    1.3960733440399054e-06,
    1.290728278036113e-06,
    1.1625804745563073e-06,
    1.0505247018954833e-06,
    1.036445041791012e-06,
    8.721071367290278e-07,
    1.0331867770219105e-06,
    8.782595841694274e-07,
    7.826458841009298e-07,
    8.656946306473401e-07,
    8.54445374898205e-07,
    8.752765552344499e-07,
    6.752204058102507e-07,
    7.414697620333754e-07,
    5.682658752448333e-07,
    6.785537607356673e-07,
    6.294088166214351e-07,
    7.055091941765568e-07,
    7.717496828263393e-07,
    6.380200261446589e-07,
    5.415604391600937e-07,
    6.069143410059041e-07,
    6.578477496077539e-07,
    4.898561769550724e-07,
    4.907675474896678e-07,
    4.776944706463837e-07,
    4.46585687541301e-07,
    4.0408534118796524e-07,
    4.325970053287165e-07,
    3.5153775002072507e-07,
    4.916280431643827e-07,
    4.1352402035954583e-07,
    4.264725816938153e-07,
    4.3200532218179433e-07,
    3.6667123026745685e-07,
    3.963633901093999e-07,
    3.982640919275582e-07,
    3.3760377959879406e-07,
    3.269290402840852e-07,
    3.068523142246704e-07,
    3.2366935442951217e-07,
    3.0407608164750854e-07,
    3.123683995909232e-07,
    2.7033377136831405e-07,
    3.2332775390386814e-07,
    2.807926762216084e-07,
    2.668592458121566e-07,
    3.116160769423004e-07,
    2.9710557214457367e-07,
    2.2208429584225087e-07,
    2.517073198760045e-07,
    2.3360038881037326e-07,
    2.457434220559662e-07,
    2.4357592565138475e-07,
    2.111949157779236e-07,
    2.3446000341209583e-07,
    1.9120747651868442e-07,
    2.425734066946461e-07,
    2.3994056164156063e-07,
    2.2366035068444035e-07,
    2.3315260477829725e-07,
    1.8753590325104597e-07
  ],