{
  "loss": [
    1.1810463666915894,
    0.21824859082698822,
    0.2088610678911209,
    0.20655891299247742,
    0.2064051777124405,
    0.2050143927335739,
    0.20415566861629486,
    0.20369398593902588,
    0.2036152482032776,
    0.2033698707818985,
    0.20317065715789795,
    0.2035752385854721,
    0.20296204090118408,
    0.20367173850536346,
    0.20276767015457153,
    0.20261834561824799,
    0.20286118984222412,
    0.20310431718826294,
    0.20325537025928497,
    0.20280934870243073,
    0.20295479893684387,
    0.20294572412967682,
    0.2026965320110321,
    0.20271779596805573,
    0.20297649502754211,
    0.20262223482131958,
    0.20291268825531006,
    0.20264646410942078,
    0.20305293798446655,
    0.20246721804141998,
    0.20245231688022614
  ],
  "reconstruction_loss": [
    0.11607584357261658,
    0.021457375958561897,
    0.02071530371904373,
    0.020547663792967796,
    0.020558200776576996,
    0.020444229245185852,
    0.020369935780763626,
    0.020334186032414436,
    0.02033248357474804,
    0.020310737192630768,
    0.020294470712542534,
    0.020337486639618874,
    0.020278051495552063,
    0.02035033516585827,
    0.02026187628507614,
    0.020248092710971832,
    0.02027438022196293,
    0.020298531278967857,
    0.02031494677066803,
    0.02027103491127491,
    0.020286133512854576,
    0.020286310464143753,
    0.020261822268366814,
    0.020264320075511932,
    0.020290248095989227,
    0.020255813375115395,
    0.02028471976518631,
    0.020258545875549316,
    0.020299110561609268,
    0.020241189748048782,
    0.020239928737282753
  ],
  "contrastive_loss": [
    0.020287610590457916,
    0.0036748265847563744,
    0.001708043273538351,
    0.0010822491021826863,
    0.0008232594700530171,
    0.0005721126799471676,
    0.00045632742694579065,
    0.000352144124917686,
    0.00029048119904473424,
    0.00026250386144965887,
    0.00022596940107177943,
    0.00020037144713569432,
    0.00018148255185224116,
    0.00016840257740113884,
    0.00014897189976181835,
    0.00013745629985351115,
    0.00011740668560378253,
    0.00011893884948221967,
    0.00010590105375740677,
    9.90106345852837e-05,
    9.349713218398392e-05,
    8.26389659778215e-05,
    7.832702249288559e-05,
    7.454026490449905e-05,
    7.395825377898291e-05,
    6.41184815322049e-05,
    6.551244587171823e-05,
    6.105050124460831e-05,
    6.183694495121017e-05,
    5.5286120186792687e-05,
    5.2980249165557325e-05
  ],
  "val_loss": [
    10.356597380204635,
    8.818184852600098,
    6.242607853629372,
    4.107002475044944,
    2.616828528317538,
    1.5865126631476663,
    0.9339053901759061,
    0.6160988753492181,
    0.4348090074279092,
    0.36859059604731476,
    0.3326034302061254,
    0.31537688591263513,
    0.31999989260326733,
    0.30859329483725806,
    0.3100114275108684,
    0.31160863963040436,
    0.31871872598474676,
    0.31346301328052173,
    0.30447952584786847,
    0.30985449119047687,
    0.30701200799508527,
    0.30865156650543213,
    0.30613505298441107,
    0.3045671284198761,
    0.3013818697495894,
    0.311167294328863,
    0.31643575158986176,
    0.296509864655408,
    0.31240337274291297,
    0.30084913156249304,
    0.2962951578877189
  ],
  "val_reconstruction_loss": [
    0.9707357883453369,
    0.8375435254790566,
    0.6034774455157194,
    0.39872785860841925,
    0.2500446289777756,
    0.14774116467345844,
    0.08333849703723734,
    0.05008931119333614,
    0.03203752535310658,
    0.025428811765529892,
    0.02261467616666447,
    0.02137984623285857,
    0.020744051784276962,
    0.020861965519460766,
    0.02048960260369561,
    0.020516379143704067,
    0.0204965490847826,
    0.02063293399458582,
    0.020446816459298134,
    0.020493381402709267,
    0.020426372743465683,
    0.0204029344022274,
    0.020303163677453995,
    0.020444307984276253,
    0.02037436430427161,
    0.020415467802773823,
    0.020327588204633106,
    0.020301772620190273,
    0.020459154282103886,
    0.020311529155481945,
    0.02042544870214029
  ],
  "val_contrastive_loss": [
    0.6492395455187018,
    0.4427495680072091,
    0.2078333618966016,
    0.11972387676889246,
    0.11638223379850388,
    0.10910103808749806,
    0.10052041032097557,
    0.11520576477050781,
    0.11443375457416881,
    0.11430247873067856,
    0.10645667057145726,
    0.10157842222939838,
    0.11255937746979973,
    0.09997363794933666,
    0.10511540147391232,
    0.10644484988667748,
    0.11375323953953656,
    0.10713367705995386,
    0.1000113609162244,
    0.1049206791953607,
    0.10274827886711467,
    0.10462222519246014,
    0.10310341282324358,
    0.10012404891577634,
    0.09763822907751257,
    0.10701261867176402,
    0.11315987665544856,
    0.09349213337356393,
    0.10781182755123485,
    0.09773383425040678,
    0.09204066747968848
  ]
}