{
  "loss": [
    0.6764158010482788,
    0.2613210678100586,
    0.13527536392211914,
    0.0852208137512207,
    0.061999496072530746,
    0.05010027438402176,
    0.042475733906030655,
    0.03687545657157898,
    0.03184759244322777,
    0.02812098152935505,
    0.024948401376605034,
    0.022855160757899284,
    0.020894788205623627,
    0.019546177238225937,
    0.01846063882112503,
    0.017413439229130745,
    0.016679959371685982,
    0.016140233725309372,
    0.015619062818586826,
    0.015112138353288174,
    0.014877181500196457,
    0.014409948140382767,
    0.01412185374647379,
    0.01390641275793314,
    0.013635743409395218,
    0.013427263125777245,
    0.013279017060995102,
    0.013101378455758095,
    0.01292954757809639,
    0.012749401852488518,
    0.012652822770178318,
    0.012492174282670021,
    0.01246902160346508,
    0.012316950596868992,
    0.012222560122609138,
    0.012102296575903893,
    0.012065181508660316,
    0.011984775774180889,
    0.011895556934177876,
    0.011858256533741951,
    0.011758923530578613,
    0.011738895438611507,
    0.011671165935695171,
    0.011593303643167019,
    0.011585966683924198,
    0.01155166421085596,
    0.011502491310238838,
    0.01147716399282217,
    0.01139974594116211,
    0.011410691775381565,
    0.0113559914752841,
    0.011326865293085575,
    0.011277973651885986,
    0.011241023428738117,
    0.011236260645091534,
    0.011179790832102299,
    0.011216016486287117,
    0.01118820533156395,
    0.011137394234538078,
    0.01111376192420721,
    0.011079289950430393,
    0.011053531430661678,
    0.011057613417506218,
    0.011073339730501175,
    0.011020694859325886,
    0.010972650721669197,
    0.01097563561052084,
    0.010958320461213589,
    0.01093635056167841,
    0.010942495428025723,
    0.010915706865489483,
    0.010920590721070766,
    0.010928144678473473,
    0.010862991213798523,
    0.010849768295884132,
    0.010832814499735832,
    0.010841512121260166,
    0.01080579124391079
  ],
  "reconstruction_loss": [
    0.996766209602356,
    0.3602275550365448,
    0.18289034068584442,
    0.11255573481321335,
    0.08194290846586227,
    0.06640941649675369,
    0.056502815335989,
    0.04899926856160164,
    0.04266023635864258,
    0.03778337687253952,
    0.03395115211606026,
    0.030964257195591927,
    0.02897588163614273,
    0.027303654700517654,
    0.026260079815983772,
    0.025406135246157646,
    0.02465248294174671,
    0.024134792387485504,
    0.023721788078546524,
    0.023387672379612923,
    0.02311958186328411,
    0.0228562094271183,
    0.022658249363303185,
    0.022480275481939316,
    0.022368837147951126,
    0.02220529317855835,
    0.022100606933236122,
    0.02199697308242321,
    0.021894454956054688,
    0.021835077553987503,
    0.02172478660941124,
    0.021649859845638275,
    0.021600130945444107,
    0.021526794880628586,
    0.021473633125424385,
    0.021367501467466354,
    0.021343810483813286,
    0.02132348157465458,
    0.021239103749394417,
    0.021223215386271477,
    0.021147338673472404,
    0.02113061212003231,
    0.021088430657982826,
    0.02102465182542801,
    0.021050287410616875,
    0.021029531955718994,
    0.020982515066862106,
    0.02099071815609932,
    0.02090161107480526,
    0.020932266488671303,
    0.020891886204481125,
    0.020854653790593147,
    0.020818909630179405,
    0.0208273995667696,
    0.020801903679966927,
    0.020784394815564156,
    0.020804889500141144,
    0.02075698785483837,
    0.020756304264068604,
    0.020708689466118813,
    0.020691366866230965,
    0.02067042700946331,
    0.020704787224531174,
    0.02075418457388878,
    0.02069319412112236,
    0.02062220312654972,
    0.02062816172838211,
    0.020614860579371452,
    0.020602185279130936,
    0.02061932347714901,
    0.020586255937814713,
    0.020624449476599693,
    0.020647257566452026,
    0.02058076672255993,
    0.020580463111400604,
    0.020537730306386948,
    0.020535312592983246,
    0.020528843626379967
  ],
  "contrastive_loss": [
    0.08901633322238922,
    0.0406036414206028,
    0.021915089339017868,
    0.014471475034952164,
    0.01051401998847723,
    0.008447783999145031,
    0.0071121626533567905,
    0.006187911611050367,
    0.005258738063275814,
    0.0046146465465426445,
    0.00398641312494874,
    0.0036865146830677986,
    0.0032034229952841997,
    0.0029471740126609802,
    0.0026652999222278595,
    0.0023551853373646736,
    0.0021768591832369566,
    0.0020364183001220226,
    0.0018790843896567822,
    0.0017091509653255343,
    0.001658695051446557,
    0.0014909215969964862,
    0.0013963636010885239,
    0.0013331386726349592,
    0.0012256621848791838,
    0.0011623086174950004,
    0.001114357030019164,
    0.0010514461901038885,
    0.0009911591187119484,
    0.0009159316541627049,
    0.0008952143834903836,
    0.0008336221799254417,
    0.0008344779489561915,
    0.000776775530539453,
    0.0007428718963637948,
    0.0007092728046700358,
    0.0006966377259232104,
    0.000661518017295748,
    0.0006380026461556554,
    0.0006233248277567327,
    0.0005926273297518492,
    0.0005867938161827624,
    0.0005634748376905918,
    0.000540488981641829,
    0.0005304113728925586,
    0.0005184484762139618,
    0.0005056171212345362,
    0.0004909028066322207,
    0.0004744702600874007,
    0.0004722790908999741,
    0.00045502407010644674,
    0.0004497684712987393,
    0.0004342591273598373,
    0.00041366161894984543,
    0.00041765504283830523,
    0.0003937967121601105,
    0.00040678601362742484,
    0.00040485610952600837,
    0.0003796206437982619,
    0.0003797079552896321,
    0.00036680320044979453,
    0.000359158351784572,
    0.00035260955337435007,
    0.0003481234307400882,
    0.0003370483173057437,
    0.0003307748702354729,
    0.0003307780425529927,
    0.0003254447947256267,
    0.00031762896105647087,
    0.000316416408168152,
    0.0003112883714493364,
    0.0003041829913854599,
    0.000302258413285017,
    0.0002863038098439574,
    0.00027976816636510193,
    0.000281974149402231,
    0.00028692715568467975,
    0.00027068445342592895
  ],