{
  "threshold": 1.0266113765296399,
  "method": "percentile_90",
  "f1_test": 0.5495832359585573
}