{
  "threshold": 0.007300052614447608,
  "method": "std_2",
  "f1_test": 0.7844036697247706
}