{"kl_loss": [6.5058274269104, 6.247178554534912, 5.957621097564697, 5.4962477684021, 5.238444805145264, 4.774506568908691, 4.538022994995117, 4.181004524230957, 3.9714512825012207, 3.8034400939941406, 3.6934828758239746, 3.6178805828094482, 3.5282084941864014, 3.5417098999023438, 3.4909486770629883, 3.464076519012451, 3.434892177581787, 3.3816335201263428, 3.399541139602661, 3.40431809425354, 3.367832660675049, 3.3742334842681885, 3.3702948093414307, 3.3769280910491943, 3.383744716644287, 3.3713228702545166, 3.365696668624878, 3.3660759925842285, 3.36621356010437, 3.366257667541504, 3.366260051727295, 3.3662633895874023, 3.3662657737731934, 3.3662264347076416, 3.366159677505493, 3.3661675453186035, 3.366089105606079, 3.3660829067230225, 3.3660991191864014, 3.3661482334136963, 3.366218090057373, 3.3662781715393066, 3.366335153579712, 3.3663930892944336, 3.366377353668213, 3.366391181945801, 3.366347312927246, 3.3663809299468994, 3.3664872646331787, 3.3665430545806885, 3.3666810989379883, 3.36676287651062, 3.366795063018799, 3.3668601512908936, 3.36686372756958, 3.3668887615203857], "loss": [1.3260674476623535, 1.3114566802978516, 1.3250648975372314, 1.1377813816070557, 1.0266609191894531, 0.9814943075180054, 0.9368140697479248, 0.8980061411857605, 0.8375059366226196, 0.8079188466072083, 0.7669410705566406, 0.7313241362571716, 0.7273956537246704, 0.7172374725341797, 0.6958125829696655, 0.6992434859275818, 0.6706717014312744, 0.6738287210464478, 0.6515611410140991, 0.6495017409324646, 0.640942394733429, 0.6449360847473145, 0.6470556259155273, 0.6468777060508728, 0.6307599544525146, 0.640570342540741, 0.6578124761581421, 0.6460130214691162, 0.6326960325241089, 0.6465039849281311, 0.6325368881225586, 0.6452442407608032, 0.639843225479126, 0.6369439959526062, 0.6275428533554077, 0.6234716773033142, 0.6583894491195679, 0.6303739547729492, 0.6418685913085938, 0.6340103149414062, 0.630614161491394, 0.6398365497589111, 0.6465537548065186, 0.6254640221595764, 0.6292908191680908, 0.6418449878692627, 0.6438486576080322, 0.6417962312698364, 0.6551549434661865, 0.6410174369812012, 0.6284594535827637, 0.6344236135482788, 0.6442000865936279, 0.6431323289871216, 0.6502432227134705, 0.6454994678497314], "recon_loss": [0.6375465393066406, 0.6952778100967407, 0.7287022471427917, 0.6143702268600464, 0.5404151678085327, 0.5356631875038147, 0.4967186450958252, 0.4817963242530823, 0.4770095944404602, 0.463009238243103, 0.41776734590530396, 0.3981252610683441, 0.3848252594470978, 0.3677356541156769, 0.3571133315563202, 0.3459722697734833, 0.3365502655506134, 0.33091551065444946, 0.323552668094635, 0.315457820892334, 0.3135378062725067, 0.3116435706615448, 0.31120744347572327, 0.31060612201690674, 0.3035048544406891, 0.3078552186489105, 0.309043288230896, 0.30556654930114746, 0.3059309720993042, 0.30604296922683716, 0.30508533120155334, 0.3083841800689697, 0.30450791120529175, 0.3042886257171631, 0.30721449851989746, 0.30371806025505066, 0.3074004352092743, 0.30848681926727295, 0.3059477210044861, 0.3076707124710083, 0.30865412950515747, 0.30984893441200256, 0.3095552623271942, 0.30602964758872986, 0.30485549569129944, 0.308377742767334, 0.3035208582878113, 0.3084386885166168, 0.30663323402404785, 0.30850210785865784, 0.3059578537940979, 0.3054281771183014, 0.3058353364467621, 0.30843234062194824, 0.30762261152267456, 0.307634562253952], "val_kl_loss": [6.470243453979492, 5.981647491455078, 5.824892997741699, 5.398801326751709, 4.923592567443848, 4.786522388458252, 4.276163101196289, 4.005706310272217, 3.9046757221221924, 3.8236985206604004, 3.6503212451934814, 3.5567615032196045, 3.514681100845337, 3.527414560317993, 3.4341256618499756, 3.4706387519836426, 3.387345552444458, 3.384218692779541, 3.3958704471588135, 3.3658082485198975, 3.361013889312744, 3.355782985687256, 3.3613979816436768, 3.364835262298584, 3.363132953643799, 3.3510849475860596, 3.350968360900879, 3.3512051105499268, 3.351285934448242, 3.3513169288635254, 3.3513238430023193, 3.351349115371704, 3.3513543605804443, 3.351304054260254, 3.3512978553771973, 3.3512396812438965, 3.3511598110198975, 3.351186990737915, 3.3512401580810547, 3.3512699604034424, 3.3513693809509277, 3.351421594619751, 3.3515453338623047, 3.3515689373016357, 3.3515262603759766, 3.3515419960021973, 3.3515372276306152, 3.3516557216644287, 3.3517231941223145, 3.3518526554107666, 3.351902961730957, 3.3519325256347656, 3.352004289627075, 3.352036714553833, 3.3520565032958984, 3.352128505706787], "val_loss": [1.3022818565368652, 1.3451855182647705, 1.267892837524414, 1.1090052127838135, 0.9988306760787964, 0.9450151920318604, 0.929043710231781, 0.8563883304595947, 0.8396300077438354, 0.7953699827194214, 0.7609026432037354, 0.7506800889968872, 0.7188513278961182, 0.700649619102478, 0.7056978940963745, 0.679889440536499, 0.6558291912078857, 0.6600625514984131, 0.6464765071868896, 0.6511303186416626, 0.6497048139572144, 0.6438418626785278, 0.6427518725395203, 0.6309181451797485, 0.6335184574127197, 0.6322394013404846, 0.6305665969848633, 0.6371033191680908, 0.6353830695152283, 0.6442142724990845, 0.6463028192520142, 0.6354652643203735, 0.6363828778266907, 0.6412478685379028, 0.6445700526237488, 0.6257522106170654, 0.626946210861206, 0.632158637046814, 0.6407054662704468, 0.6303398609161377, 0.6286916732788086, 0.6289355158805847, 0.6302769184112549, 0.6362791061401367, 0.6384999752044678, 0.6325525641441345, 0.6391751766204834, 0.6303721070289612, 0.6486836671829224, 0.6367244720458984, 0.6453138589859009, 0.6532440185546875, 0.6424878835678101, 0.6307404637336731, 0.6261769533157349, 0.6321420669555664], "val_recon_loss": [0.6552574634552002, 0.7470207214355469, 0.68540358543396, 0.5691250562667847, 0.5064714550971985, 0.46636295318603516, 0.501427412033081, 0.45581772923469543, 0.44916239380836487, 0.4130001366138458, 0.39587053656578064, 0.39500394463539124, 0.3673831820487976, 0.3479081988334656, 0.3622853457927704, 0.33282560110092163, 0.3170945942401886, 0.3216407001018524, 0.3068894147872925, 0.3145494759082794, 0.3136034309864044, 0.3082635700702667, 0.3066120743751526, 0.2944345772266388, 0.2972051799297333, 0.29713091254234314, 0.2954697012901306, 0.3019827902317047, 0.3002544641494751, 0.3090825378894806, 0.31117045879364014, 0.30033034086227417, 0.30124741792678833, 0.306117445230484, 0.3094402551651001, 0.29062825441360474, 0.2918302118778229, 0.2970398962497711, 0.3055814206600189, 0.29521289467811584, 0.29355475306510925, 0.29379335045814514, 0.295122355222702, 0.30112218856811523, 0.3033473491668701, 0.2973983585834503, 0.304021418094635, 0.29520654678344727, 0.31351137161254883, 0.30153918266296387, 0.3101235330104828, 0.3180507719516754, 0.30728745460510254, 0.2955367863178253, 0.2909712791442871, 0.2969292104244232]}