{
  "precision": 0.990990990990991,
  "recall": 0.6586826347305389,
  "f1": 0.7913669064748201,
  "accuracy": 0.913086913086913,
  "auc_roc": 0.8128366850575998,
  "auc_pr": 0.7984562348583597,
  "average_precision": 0.7984562348583597,
  "true_positives": 330,
  "true_negatives": 1498,
  "false_positives": 3,
  "false_negatives": 171,
  "mean_normal_error": 0.012931507032866345,
  "mean_anomaly_error": 0.12925483031219567,
  "std_normal_error": 0.000389417549633967,
  "std_anomaly_error": 0.21012330772466511,
  "separability": 0.9966634529626492,
  "threshold": 0.013930324355790743,
  "threshold_method": "youden",
  "all_thresholds": {
    "percentile_90": {
      "threshold": 0.0134189979996644,
      "metrics": {
        "precision": 0.68359375,
        "recall": 0.6986027944111777,
        "f1": 0.6910167818361304,
        "accuracy": 0.8436563436563437,
        "auc_roc": 0.8128366850575998,
        "auc_pr": 0.7984562348583597,
        "average_precision": 0.7984562348583597,
        "true_positives": 350,
        "true_negatives": 1339,
        "false_positives": 162,
        "false_negatives": 151,
        "mean_normal_error": 0.012931507032866345,
        "mean_anomaly_error": 0.12925483031219567,
        "std_normal_error": 0.000389417549633967,
        "std_anomaly_error": 0.21012330772466511,
        "separability": 0.9966634529626492
      }
    },
    "percentile_95": {
      "threshold": 0.013548731630170917,
      "metrics": {
        "precision": 0.8051643192488263,
        "recall": 0.6846307385229541,
        "f1": 0.7400215749730313,
        "accuracy": 0.8796203796203796,
        "auc_roc": 0.8128366850575998,
        "auc_pr": 0.7984562348583597,
        "average_precision": 0.7984562348583597,
        "true_positives": 343,
        "true_negatives": 1418,
        "false_positives": 83,
        "false_negatives": 158,
        "mean_normal_error": 0.012931507032866345,
        "mean_anomaly_error": 0.12925483031219567,
        "std_normal_error": 0.000389417549633967,
        "std_anomaly_error": 0.21012330772466511,
        "separability": 0.9966634529626492
      }
    },
    "percentile_97": {
      "threshold": 0.013654707869990915,
      "metrics": {
        "precision": 0.8877284595300261,
        "recall": 0.6786427145708582,
        "f1": 0.7692307692307693,
        "accuracy": 0.8981018981018981,
        "auc_roc": 0.8128366850575998,
        "auc_pr": 0.7984562348583597,
        "average_precision": 0.7984562348583597,
        "true_positives": 340,
        "true_negatives": 1458,
        "false_positives": 43,
        "false_negatives": 161,
        "mean_normal_error": 0.012931507032866345,
        "mean_anomaly_error": 0.12925483031219567,
        "std_normal_error": 0.000389417549633967,
        "std_anomaly_error": 0.21012330772466511,
        "separability": 0.9966634529626492
      }
    },
    "percentile_99": {
      "threshold": 0.013812020263982396,
      "metrics": {
        "precision": 0.9593023255813954,
        "recall": 0.6586826347305389,
        "f1": 0.7810650887573964,
        "accuracy": 0.9075924075924076,
        "auc_roc": 0.8128366850575998,
        "auc_pr": 0.7984562348583597,
        "average_precision": 0.7984562348583597,
        "true_positives": 330,
        "true_negatives": 1487,
        "false_positives": 14,
        "false_negatives": 171,
        "mean_normal_error": 0.012931507032866345,
        "mean_anomaly_error": 0.12925483031219567,
        "std_normal_error": 0.000389417549633967,
        "std_anomaly_error": 0.21012330772466511,
        "separability": 0.9966634529626492
      }
    },
    "percentile_99.5": {
      "threshold": 0.01388831537267349,
      "metrics": {
        "precision": 0.9821428571428571,
        "recall": 0.6586826347305389,
        "f1": 0.7885304659498208,
        "accuracy": 0.9115884115884116,
        "auc_roc": 0.8128366850575998,
        "auc_pr": 0.7984562348583597,
        "average_precision": 0.7984562348583597,
        "true_positives": 330,
        "true_negatives": 1495,
        "false_positives": 6,
        "false_negatives": 171,
        "mean_normal_error": 0.012931507032866345,
        "mean_anomaly_error": 0.12925483031219567,
        "std_normal_error": 0.000389417549633967,
        "std_anomaly_error": 0.21012330772466511,
        "separability": 0.9966634529626492
      }
    },
    "std_2": {
      "threshold": 0.013700156683932837,
      "metrics": {
        "precision": 0.9205479452054794,
        "recall": 0.6706586826347305,
        "f1": 0.7759815242494227,
        "accuracy": 0.903096903096903,
        "auc_roc": 0.8128366850575998,
        "auc_pr": 0.7984562348583597,
        "average_precision": 0.7984562348583597,
        "true_positives": 336,
        "true_negatives": 1472,
        "false_positives": 29,
        "false_negatives": 165,
        "mean_normal_error": 0.012931507032866345,
        "mean_anomaly_error": 0.12925483031219567,
        "std_normal_error": 0.000389417549633967,
        "std_anomaly_error": 0.21012330772466511,
        "separability": 0.9966634529626492
      }
    },
    "std_3": {
      "threshold": 0.014090277553928885,
      "metrics": {
        "precision": 1.0,
        "recall": 0.654690618762475,
        "f1": 0.7913148371531966,
        "accuracy": 0.9135864135864136,
        "auc_roc": 0.8128366850575998,
        "auc_pr": 0.7984562348583597,
        "average_precision": 0.7984562348583597,
        "true_positives": 328,
        "true_negatives": 1501,
        "false_positives": 0,
        "false_negatives": 173,
        "mean_normal_error": 0.012931507032866345,
        "mean_anomaly_error": 0.12925483031219567,
        "std_normal_error": 0.000389417549633967,
        "std_anomaly_error": 0.21012330772466511,
        "separability": 0.9966634529626492
      }
    },
    "std_4": {
      "threshold": 0.014480398423924935,
      "metrics": {
        "precision": 1.0,
        "recall": 0.6427145708582834,
        "f1": 0.7825030376670717,
        "accuracy": 0.9105894105894106,
        "auc_roc": 0.8128366850575998,
        "auc_pr": 0.7984562348583597,
        "average_precision": 0.7984562348583597,
        "true_positives": 322,
        "true_negatives": 1501,
        "false_positives": 0,
        "false_negatives": 179,
        "mean_normal_error": 0.012931507032866345,
        "mean_anomaly_error": 0.12925483031219567,
        "std_normal_error": 0.000389417549633967,
        "std_anomaly_error": 0.21012330772466511,
        "separability": 0.9966634529626492
      }
    },
    "std_5": {
      "threshold": 0.014870519293920985,
      "metrics": {
        "precision": 1.0,
        "recall": 0.6327345309381237,
        "f1": 0.7750611246943765,
        "accuracy": 0.9080919080919081,
        "auc_roc": 0.8128366850575998,
        "auc_pr": 0.7984562348583597,
        "average_precision": 0.7984562348583597,
        "true_positives": 317,
        "true_negatives": 1501,
        "false_positives": 0,
        "false_negatives": 184,
        "mean_normal_error": 0.012931507032866345,
        "mean_anomaly_error": 0.12925483031219567,
        "std_normal_error": 0.000389417549633967,
        "std_anomaly_error": 0.21012330772466511,
        "separability": 0.9966634529626492
      }
    },
    "f1": {
      "threshold": 0.013670227773705617,
      "metrics": {
        "precision": 0.8944591029023746,
        "recall": 0.6766467065868264,
        "f1": 0.7704545454545455,
        "accuracy": 0.8991008991008991,
        "auc_roc": 0.8128366850575998,
        "auc_pr": 0.7984562348583597,
        "average_precision": 0.7984562348583597,
        "true_positives": 339,
        "true_negatives": 1461,
        "false_positives": 40,
        "false_negatives": 162,
        "mean_normal_error": 0.012931507032866345,
        "mean_anomaly_error": 0.12925483031219567,
        "std_normal_error": 0.000389417549633967,
        "std_anomaly_error": 0.21012330772466511,