{
  "threshold": 0.013930324355790743,
  "method": "youden",
  "f1_test": 0.7913669064748201
}