{"loss": [0.06914284080266953, 0.01176901999861002, 0.0041343411430716515, 0.0014233330730348825, 0.0006300950772128999, 0.0004197530506644398, 0.0003569961991161108, 0.0003194943710695952, 0.00029243194148875773, 0.0002695337461773306, 0.0002492957573849708, 0.00023133477952796966, 0.0002152883680537343, 0.00020064609998371452, 0.00018730483134277165, 0.000175154535099864, 0.00016388797666877508, 0.00015362436533905566, 0.00014424255641642958, 0.00013579284131992608, 0.00012796703958883882, 0.00012071835953975096, 0.00011431270104367286, 0.00010863722854992375, 0.00010326543269911781, 9.853498340817168e-05, 9.436747495783493e-05, 9.061834862222895e-05, 8.666001667734236e-05, 8.299886394524947e-05, 7.967164128785953e-05, 7.676752284169197e-05, 7.388430822174996e-05, 7.138468936318532e-05, 6.914876576047391e-05, 6.70186200295575e-05, 6.46715925540775e-05, 6.276971544139087e-05, 6.125864456407726e-05, 5.936127490713261e-05, 5.79116604058072e-05, 5.614457040792331e-05, 5.534323281608522e-05, 5.357872578315437e-05, 5.2387160394573584e-05, 5.087498720968142e-05, 4.979753430234268e-05, 4.874997102888301e-05, 4.765437915921211e-05, 4.789713420905173e-05, 4.915878889732994e-05, 6.203992234077305e-05, 5.227130532148294e-05, 5.346253965399228e-05, 9.519112791167572e-05, 0.0006954021519050002, 0.00019346180488355458, 7.433690188918263e-05, 5.044066347181797e-05, 4.2246971133863553e-05, 3.954626663471572e-05, 4.861442357650958e-05, 3.888813080266118e-05, 8.658169826958328e-05, 7.583191472804174e-05, 5.2040097216377035e-05, 4.425025690579787e-05, 4.2929310438921675e-05, 4.01949328079354e-05, 0.0004928599228151143, 0.0005696841981261969, 0.00010461849888088182, 7.32145708752796e-05, 4.899237319477834e-05, 4.433605499798432e-05, 4.03427256969735e-05, 3.979216126026586e-05, 3.7675752537325025e-05, 3.822339931502938e-05, 3.688712968141772e-05, 4.173886190983467e-05, 3.9579073927598074e-05, 5.8408684708410874e-05, 0.001093972590751946, 0.0003622563381213695, 9.369959298055619e-05, 6.287377618718892e-05, 4.2930249037453905e-05, 3.626796751632355e-05, 3.356804154464044e-05, 3.6163361073704436e-05, 3.698132422869094e-05, 3.330766412545927e-05, 3.415838727960363e-05, 3.291958637419157e-05, 3.099555760854855e-05, 3.075239510508254e-05, 0.0001212482966366224, 0.0006063669570721686, 0.00012155713193351403], "val_loss": [0.018631557002663612, 0.009033582173287868, 0.0022163449320942163, 0.0009358788374811411, 0.00045979651622474194, 0.0003656095650512725, 0.00031801252043806016, 0.00028926797676831484, 0.0002656636934261769, 0.0002457725058775395, 0.00022767833434045315, 0.00021176092559471726, 0.00019735451496671885, 0.00018486243789084256, 0.00017257564468309283, 0.000161827658303082, 0.00015190671547316015, 0.0001427254028385505, 0.00013457101886160672, 0.00012705988774541765, 0.00011974537483183667, 0.00011340861965436488, 0.00010771545203169808, 0.00010275647218804806, 9.867546759778634e-05, 9.412047802470624e-05, 9.076713467948139e-05, 8.756011811783537e-05, 8.36807957966812e-05, 7.95308078522794e-05, 7.618199015269056e-05, 7.345122139668092e-05, 7.06493592588231e-05, 6.876533734612167e-05, 6.617078179260716e-05, 6.404087616829202e-05, 6.23204032308422e-05, 6.066346395527944e-05, 5.874636190128513e-05, 5.7795004977378994e-05, 5.604661782854237e-05, 5.533751391340047e-05, 5.292421337799169e-05, 5.245423017186113e-05, 5.0474871386541054e-05, 4.9510086682857946e-05, 4.8711688577895984e-05, 4.7237874241545796e-05, 4.631558113032952e-05, 4.8282126954291016e-05, 4.894833546131849e-05, 4.8686029913369566e-05, 4.698401608038694e-05, 6.172764551592991e-05, 0.0002386081760050729, 0.00047304591862484813, 0.00013664501602761447, 6.654846220044419e-05, 4.510041617322713e-05, 3.932969775632955e-05, 4.197251109872013e-05, 4.023775181849487e-05, 4.72758365503978e-05, 0.00014090636977925897, 6.010727884131484e-05, 3.7418365536723286e-05, 5.445595888886601e-05, 3.7944671930745244e-05, 5.291945126373321e-05, 0.0018427177565172315, 0.00018805060244631022, 0.000128106155898422, 3.648093843366951e-05, 3.5566306905820966e-05, 5.384575706557371e-05, 4.363405969343148e-05, 4.09695458074566e-05, 4.170228567090817e-05, 3.924435077351518e-05, 4.324800465838052e-05, 4.705758692580275e-05, 3.9435297367163e-05, 0.00018662978254724294, 0.001105627161450684, 0.00020715984283015132, 9.5122326456476e-05, 4.4545948185259476e-05, 3.704960909090005e-05, 3.207955523976125e-05, 3.149179246975109e-05, 3.4627206332515925e-05, 3.5613604268291965e-05, 3.284032572992146e-05, 3.3792344765970483e-05, 3.4514636354288086e-05, 3.349167309352197e-05, 2.9661921871593222e-05, 0.0007904707454144955, 0.00028626571292988956, 0.00015496376727242023]}