{
  "threshold": 8.386937940432097e-07,
  "method": "percentile_97",
  "f1_test": 0.9629532125254121
}