{"loss": [2.165823389077559e-05, 2.1667008695658296e-05, 2.0036533896927722e-05, 1.8273845853400417e-05, 1.6422631233581342e-05, 1.426858489139704e-05, 1.2389170478854794e-05, 1.063609124685172e-05, 9.359741852676962e-06, 8.212708053179085e-06, 7.1693939389660954e-06, 6.199561539688148e-06, 5.332433829607908e-06, 4.420298864715733e-06, 3.679724386529415e-06, 3.0495198188873474e-06, 2.54024757850857e-06, 2.1232242488622433e-06, 1.7673384036243078e-06, 1.5166044704528758e-06, 1.2901188028990873e-06, 1.0747199894467485e-06, 9.067703672371863e-07, 7.836466124899744e-07, 6.911710102031066e-07, 6.11934638072853e-07, 5.447836883831769e-07, 4.944841975884628e-07, 4.586378850035544e-07, 4.3886677758564474e-07, 4.3517019321370753e-07, 4.351389293333341e-07, 4.3512036995707604e-07, 4.351076938746701e-07, 4.350800395513943e-07, 4.3503214897100406e-07, 4.350500262262358e-07, 4.350357585281017e-07, 4.350491735749529e-07, 4.350472124770022e-07, 4.3498687318788143e-07, 4.3503632696229033e-07, 4.350084168436297e-07, 4.350033009359322e-07, 4.349911648660054e-07, 4.349825246663386e-07, 4.349728044417134e-07, 4.3496024204614514e-07, 4.349752771304338e-07, 4.349764708422299e-07, 4.349248854396137e-07, 4.349244022705534e-07, 4.3494736701177317e-07, 4.349376752088574e-07, 4.3492340751072334e-07, 4.3492508439157973e-07], "val_loss": [3.614974411902949e-05, 6.306371506070718e-05, 4.031778371427208e-05, 1.2812337445211597e-05, 1.6000201867427677e-05, 1.9516404790920205e-05, 9.699142538011074e-06, 5.162668003322324e-06, 3.8040341223677387e-06, 3.282738362031523e-06, 2.735892849159427e-06, 2.830224048011587e-06, 3.2846401154529303e-06, 2.5205711153830634e-06, 2.1592920802504523e-06, 2.2047681795811513e-06, 2.592219743746682e-06, 2.1570406261162134e-06, 2.1525058855331736e-06, 2.0678864984802203e-06, 9.099386488742311e-07, 7.470128480235871e-07, 7.031293876025302e-07, 8.126302759592363e-07, 4.898949441667355e-07, 5.141382644069381e-07, 5.619065177597804e-07, 4.1813234474830097e-07, 4.232936134940246e-07, 4.1835116348920565e-07, 4.167570750723826e-07, 4.168989278241497e-07, 4.1794697835939587e-07, 4.182405461961025e-07, 4.169199314674188e-07, 4.1635772163317597e-07, 4.1773446923798474e-07, 4.1853110133160953e-07, 4.1785256144066807e-07, 4.196156169200549e-07, 4.189931530618196e-07, 4.186053104149323e-07, 4.1822681851044763e-07, 4.1858683630380256e-07, 4.199297052309703e-07, 4.185754676200304e-07, 4.228667762617988e-07, 4.207234667319426e-07, 4.207685151413898e-07, 4.224971519306564e-07, 4.214732598484261e-07, 4.209453834391752e-07, 4.19755025404811e-07, 4.2003296130133094e-07, 4.1903859937519883e-07, 4.190736149212171e-07]}