{
  "precision": 0.9084158415841584,
  "recall": 0.7325349301397206,
  "f1": 0.8110497237569061,
  "accuracy": 0.9145854145854145,
  "auc_roc": 0.9118418725507014,
  "auc_pr": 0.8787562504140746,
  "average_precision": 0.8787562504140746,
  "true_positives": 367,
  "true_negatives": 1464,
  "false_positives": 37,
  "false_negatives": 134,
  "mean_normal_error": 0.002358460484741426,
  "mean_anomaly_error": 0.07749393514275546,
  "std_normal_error": 0.0022098570330277944,
  "std_anomaly_error": 0.12438231724018757,
  "separability": 0.9714286953754995,
  "threshold": 0.00857558145342596,
  "threshold_method": "std_3",
  "all_thresholds": {
    "percentile_90": {
      "threshold": 0.005017206222233148,
      "metrics": {
        "precision": 0.7305605786618445,
        "recall": 0.8063872255489022,
        "f1": 0.7666034155597723,
        "accuracy": 0.8771228771228772,
        "auc_roc": 0.9118418725507014,
        "auc_pr": 0.8787562504140746,
        "average_precision": 0.8787562504140746,
        "true_positives": 404,
        "true_negatives": 1352,
        "false_positives": 149,
        "false_negatives": 97,
        "mean_normal_error": 0.002358460484741426,
        "mean_anomaly_error": 0.07749393514275546,
        "std_normal_error": 0.0022098570330277944,
        "std_anomaly_error": 0.12438231724018757,
        "separability": 0.9714286953754995
      }
    },
    "percentile_95": {
      "threshold": 0.0066252975085661844,
      "metrics": {
        "precision": 0.8197424892703863,
        "recall": 0.7624750499001997,
        "f1": 0.7900723888314375,
        "accuracy": 0.8986013986013986,
        "auc_roc": 0.9118418725507014,
        "auc_pr": 0.8787562504140746,
        "average_precision": 0.8787562504140746,
        "true_positives": 382,
        "true_negatives": 1417,
        "false_positives": 84,
        "false_negatives": 119,
        "mean_normal_error": 0.002358460484741426,
        "mean_anomaly_error": 0.07749393514275546,
        "std_normal_error": 0.0022098570330277944,
        "std_anomaly_error": 0.12438231724018757,
        "separability": 0.9714286953754995
      }
    },
    "percentile_97": {
      "threshold": 0.00793331474476951,
      "metrics": {
        "precision": 0.8894230769230769,
        "recall": 0.7385229540918163,
        "f1": 0.806979280261723,
        "accuracy": 0.9115884115884116,
        "auc_roc": 0.9118418725507014,
        "auc_pr": 0.8787562504140746,
        "average_precision": 0.8787562504140746,
        "true_positives": 370,
        "true_negatives": 1455,
        "false_positives": 46,
        "false_negatives": 131,
        "mean_normal_error": 0.002358460484741426,
        "mean_anomaly_error": 0.07749393514275546,
        "std_normal_error": 0.0022098570330277944,
        "std_anomaly_error": 0.12438231724018757,
        "separability": 0.9714286953754995
      }
    },
    "percentile_99": {
      "threshold": 0.009493544348928002,
      "metrics": {
        "precision": 0.9298701298701298,
        "recall": 0.7145708582834331,
        "f1": 0.8081264108352144,
        "accuracy": 0.9150849150849151,
        "auc_roc": 0.9118418725507014,
        "auc_pr": 0.8787562504140746,
        "average_precision": 0.8787562504140746,
        "true_positives": 358,
        "true_negatives": 1474,
        "false_positives": 27,
        "false_negatives": 143,
        "mean_normal_error": 0.002358460484741426,
        "mean_anomaly_error": 0.07749393514275546,
        "std_normal_error": 0.0022098570330277944,
        "std_anomaly_error": 0.12438231724018757,
        "separability": 0.9714286953754995
      }
    },
    "percentile_99.5": {
      "threshold": 0.011012248031071521,
      "metrics": {
        "precision": 0.9606741573033708,
        "recall": 0.6826347305389222,
        "f1": 0.7981330221703618,
        "accuracy": 0.9135864135864136,
        "auc_roc": 0.9118418725507014,
        "auc_pr": 0.8787562504140746,
        "average_precision": 0.8787562504140746,
        "true_positives": 342,
        "true_negatives": 1487,
        "false_positives": 14,
        "false_negatives": 159,
        "mean_normal_error": 0.002358460484741426,
        "mean_anomaly_error": 0.07749393514275546,
        "std_normal_error": 0.0022098570330277944,
        "std_anomaly_error": 0.12438231724018757,
        "separability": 0.9714286953754995
      }
    },
    "std_2": {
      "threshold": 0.006483965900450802,
      "metrics": {
        "precision": 0.8174097664543525,
        "recall": 0.7684630738522954,
        "f1": 0.7921810699588477,
        "accuracy": 0.8991008991008991,
        "auc_roc": 0.9118418725507014,
        "auc_pr": 0.8787562504140746,
        "average_precision": 0.8787562504140746,
        "true_positives": 385,
        "true_negatives": 1415,
        "false_positives": 86,
        "false_negatives": 116,
        "mean_normal_error": 0.002358460484741426,
        "mean_anomaly_error": 0.07749393514275546,
        "std_normal_error": 0.0022098570330277944,
        "std_anomaly_error": 0.12438231724018757,
        "separability": 0.9714286953754995
      }
    },
    "std_3": {
      "threshold": 0.00857558145342596,
      "metrics": {
        "precision": 0.9084158415841584,
        "recall": 0.7325349301397206,
        "f1": 0.8110497237569061,
        "accuracy": 0.9145854145854145,
        "auc_roc": 0.9118418725507014,
        "auc_pr": 0.8787562504140746,
        "average_precision": 0.8787562504140746,
        "true_positives": 367,
        "true_negatives": 1464,
        "false_positives": 37,
        "false_negatives": 134,
        "mean_normal_error": 0.002358460484741426,
        "mean_anomaly_error": 0.07749393514275546,
        "std_normal_error": 0.0022098570330277944,
        "std_anomaly_error": 0.12438231724018757,
        "separability": 0.9714286953754995
      }
    },
    "std_4": {
      "threshold": 0.010667197006401119,
      "metrics": {
        "precision": 0.9536784741144414,
        "recall": 0.6986027944111777,
        "f1": 0.8064516129032258,
        "accuracy": 0.916083916083916,
        "auc_roc": 0.9118418725507014,
        "auc_pr": 0.8787562504140746,
        "average_precision": 0.8787562504140746,
        "true_positives": 350,
        "true_negatives": 1484,
        "false_positives": 17,
        "false_negatives": 151,
        "mean_normal_error": 0.002358460484741426,
        "mean_anomaly_error": 0.07749393514275546,
        "std_normal_error": 0.0022098570330277944,
        "std_anomaly_error": 0.12438231724018757,
        "separability": 0.9714286953754995
      }
    },
    "std_5": {
      "threshold": 0.012758812559376278,
      "metrics": {
        "precision": 0.9790419161676647,
        "recall": 0.6526946107784432,
        "f1": 0.7832335329341318,
        "accuracy": 0.9095904095904096,
        "auc_roc": 0.9118418725507014,
        "auc_pr": 0.8787562504140746,
        "average_precision": 0.8787562504140746,
        "true_positives": 327,
        "true_negatives": 1494,
        "false_positives": 7,
        "false_negatives": 174,
        "mean_normal_error": 0.002358460484741426,
        "mean_anomaly_error": 0.07749393514275546,
        "std_normal_error": 0.0022098570330277944,
        "std_anomaly_error": 0.12438231724018757,
        "separability": 0.9714286953754995
      }
    },
    "fbeta": {
      "threshold": 0.005407529691672928,
      "metrics": {
        "precision": 0.7649325626204239,
        "recall": 0.7924151696606786,
        "f1": 0.7784313725490196,
        "accuracy": 0.8871128871128872,
        "auc_roc": 0.9118418725507014,
        "auc_pr": 0.8787562504140746,
        "average_precision": 0.8787562504140746,
        "true_positives": 397,
        "true_negatives": 1379,
        "false_positives": 122,
        "false_negatives": 104,
        "mean_normal_error": 0.002358460484741426,
        "mean_anomaly_error": 0.07749393514275546,
        "std_normal_error": 0.0022098570330277944,