{
  "threshold": 0.00857558145342596,
  "method": "std_3",
  "f1_test": 0.8110497237569061
}