{"loss": [0.5677978992462158, 0.16806159913539886, 0.07909619063138962, 0.0577884167432785, 0.04672807455062866, 0.03860608488321304, 0.030290637165308, 0.02655281499028206, 0.024150121957063675, 0.02173558622598648, 0.020037861540913582, 0.01826048083603382, 0.017164381220936775, 0.015623321756720543, 0.014858837239444256, 0.013801736757159233, 0.012937106192111969, 0.012269865721464157, 0.01210301835089922, 0.011863229796290398, 0.011654769070446491, 0.011503557674586773, 0.011632048524916172, 0.01147745456546545, 0.011322733014822006, 0.011369884014129639, 0.011333300732076168, 0.01140864472836256, 0.011445517651736736, 0.011434327811002731, 0.011354711838066578, 0.011289583519101143, 0.011391602456569672, 0.011482163332402706, 0.011339695192873478, 0.011412679217755795, 0.011317475698888302, 0.011284877546131611, 0.011310222558677197, 0.011363212019205093, 0.01142496895045042, 0.011370821855962276, 0.011433333158493042, 0.011467160657048225], "val_loss": [0.36317822337150574, 0.0718383714556694, 0.0525357611477375, 0.039785295724868774, 0.028422653675079346, 0.017901234328746796, 0.019010471180081367, 0.014559514820575714, 0.013948110863566399, 0.010265099816024303, 0.010952302254736423, 0.007412691600620747, 0.006632884498685598, 0.004822322633117437, 0.004547796677798033, 0.0028549116104841232, 0.0025423243641853333, 0.0024257327895611525, 0.0025061038322746754, 0.0024609121028333902, 0.002337538404390216, 0.002359027974307537, 0.0023870812729001045, 0.002300711115822196, 0.002303163753822446, 0.002315524034202099, 0.0023058487568050623, 0.0023055346682667732, 0.0023060168605297804, 0.002307192189618945, 0.002306692535057664, 0.0023060119710862637, 0.0023051740135997534, 0.0023049910087138414, 0.002304691355675459, 0.002304942114278674, 0.0023051034659147263, 0.0023050457239151, 0.0023047283757478, 0.0023040086962282658, 0.002304088557139039, 0.002304009860381484, 0.002303987042978406, 0.00230364385060966]}