{
  "precision": 0.8609756097560975,
  "recall": 0.7045908183632734,
  "f1": 0.7749725576289791,
  "accuracy": 0.8976023976023976,
  "auc_roc": 0.9073006551852989,
  "auc_pr": 0.8651571089880298,
  "average_precision": 0.8651571089880298,
  "true_positives": 353,
  "true_negatives": 1444,
  "false_positives": 57,
  "false_negatives": 148,
  "mean_normal_error": 0.08155958438829333,
  "mean_anomaly_error": 0.2999225981610958,
  "std_normal_error": 0.0033975179355731668,
  "std_anomaly_error": 0.36851788920653344,
  "separability": 0.9846793389725407,
  "threshold": 0.08977606579245477,
  "threshold_method": "percentile_97",
  "all_thresholds": {
    "percentile_90": {
      "threshold": 0.08692157534505508,
      "metrics": {
        "precision": 0.7229357798165138,
        "recall": 0.7864271457085829,
        "f1": 0.7533460803059273,
        "accuracy": 0.8711288711288712,
        "auc_roc": 0.9073006551852989,
        "auc_pr": 0.8651571089880298,
        "average_precision": 0.8651571089880298,
        "true_positives": 394,
        "true_negatives": 1350,
        "false_positives": 151,
        "false_negatives": 107,
        "mean_normal_error": 0.08155958438829333,
        "mean_anomaly_error": 0.2999225981610958,
        "std_normal_error": 0.0033975179355731668,
        "std_anomaly_error": 0.36851788920653344,
        "separability": 0.9846793389725407
      }
    },
    "percentile_95": {
      "threshold": 0.0885312915911332,
      "metrics": {
        "precision": 0.8061002178649237,
        "recall": 0.7385229540918163,
        "f1": 0.7708333333333334,
        "accuracy": 0.8901098901098901,
        "auc_roc": 0.9073006551852989,
        "auc_pr": 0.8651571089880298,
        "average_precision": 0.8651571089880298,
        "true_positives": 370,
        "true_negatives": 1412,
        "false_positives": 89,
        "false_negatives": 131,
        "mean_normal_error": 0.08155958438829333,
        "mean_anomaly_error": 0.2999225981610958,
        "std_normal_error": 0.0033975179355731668,
        "std_anomaly_error": 0.36851788920653344,
        "separability": 0.9846793389725407
      }
    },
    "percentile_97": {
      "threshold": 0.08977606579245477,
      "metrics": {
        "precision": 0.8609756097560975,
        "recall": 0.7045908183632734,
        "f1": 0.7749725576289791,
        "accuracy": 0.8976023976023976,
        "auc_roc": 0.9073006551852989,
        "auc_pr": 0.8651571089880298,
        "average_precision": 0.8651571089880298,
        "true_positives": 353,
        "true_negatives": 1444,
        "false_positives": 57,
        "false_negatives": 148,
        "mean_normal_error": 0.08155958438829333,
        "mean_anomaly_error": 0.2999225981610958,
        "std_normal_error": 0.0033975179355731668,
        "std_anomaly_error": 0.36851788920653344,
        "separability": 0.9846793389725407
      }
    },
    "percentile_99": {
      "threshold": 0.09111615375317887,
      "metrics": {
        "precision": 0.9281609195402298,
        "recall": 0.6447105788423154,
        "f1": 0.7608951707891637,
        "accuracy": 0.8986013986013986,
        "auc_roc": 0.9073006551852989,
        "auc_pr": 0.8651571089880298,
        "average_precision": 0.8651571089880298,
        "true_positives": 323,
        "true_negatives": 1476,
        "false_positives": 25,
        "false_negatives": 178,
        "mean_normal_error": 0.08155958438829333,
        "mean_anomaly_error": 0.2999225981610958,
        "std_normal_error": 0.0033975179355731668,
        "std_anomaly_error": 0.36851788920653344,
        "separability": 0.9846793389725407
      }
    },
    "percentile_99.5": {
      "threshold": 0.09130902918736863,
      "metrics": {
        "precision": 0.9495548961424333,
        "recall": 0.6387225548902196,
        "f1": 0.7637231503579952,
        "accuracy": 0.9010989010989011,
        "auc_roc": 0.9073006551852989,
        "auc_pr": 0.8651571089880298,
        "average_precision": 0.8651571089880298,
        "true_positives": 320,
        "true_negatives": 1484,
        "false_positives": 17,
        "false_negatives": 181,
        "mean_normal_error": 0.08155958438829333,
        "mean_anomaly_error": 0.2999225981610958,
        "std_normal_error": 0.0033975179355731668,
        "std_anomaly_error": 0.36851788920653344,
        "separability": 0.9846793389725407
      }
    },
    "std_2": {
      "threshold": 0.08814451221876463,
      "metrics": {
        "precision": 0.7768595041322314,
        "recall": 0.7504990019960079,
        "f1": 0.7634517766497462,
        "accuracy": 0.8836163836163836,
        "auc_roc": 0.9073006551852989,
        "auc_pr": 0.8651571089880298,
        "average_precision": 0.8651571089880298,
        "true_positives": 376,
        "true_negatives": 1393,
        "false_positives": 108,
        "false_negatives": 125,
        "mean_normal_error": 0.08155958438829333,
        "mean_anomaly_error": 0.2999225981610958,
        "std_normal_error": 0.0033975179355731668,
        "std_anomaly_error": 0.36851788920653344,
        "separability": 0.9846793389725407
      }
    },
    "std_3": {
      "threshold": 0.09148716022492114,
      "metrics": {
        "precision": 0.9580838323353293,
        "recall": 0.6387225548902196,
        "f1": 0.7664670658682635,
        "accuracy": 0.9025974025974026,
        "auc_roc": 0.9073006551852989,
        "auc_pr": 0.8651571089880298,
        "average_precision": 0.8651571089880298,
        "true_positives": 320,
        "true_negatives": 1487,
        "false_positives": 14,
        "false_negatives": 181,
        "mean_normal_error": 0.08155958438829333,
        "mean_anomaly_error": 0.2999225981610958,
        "std_normal_error": 0.0033975179355731668,
        "std_anomaly_error": 0.36851788920653344,
        "separability": 0.9846793389725407
      }
    },
    "std_4": {
      "threshold": 0.09482980823107766,
      "metrics": {
        "precision": 1.0,
        "recall": 0.564870259481038,
        "f1": 0.7219387755102041,
        "accuracy": 0.8911088911088911,
        "auc_roc": 0.9073006551852989,
        "auc_pr": 0.8651571089880298,
        "average_precision": 0.8651571089880298,
        "true_positives": 283,
        "true_negatives": 1501,
        "false_positives": 0,
        "false_negatives": 218,
        "mean_normal_error": 0.08155958438829333,
        "mean_anomaly_error": 0.2999225981610958,
        "std_normal_error": 0.0033975179355731668,
        "std_anomaly_error": 0.36851788920653344,
        "separability": 0.9846793389725407
      }
    },
    "std_5": {
      "threshold": 0.09817245623723417,
      "metrics": {
        "precision": 1.0,
        "recall": 0.5289421157684631,
        "f1": 0.6919060052219321,
        "accuracy": 0.8821178821178821,
        "auc_roc": 0.9073006551852989,
        "auc_pr": 0.8651571089880298,
        "average_precision": 0.8651571089880298,
        "true_positives": 265,
        "true_negatives": 1501,
        "false_positives": 0,
        "false_negatives": 236,
        "mean_normal_error": 0.08155958438829333,
        "mean_anomaly_error": 0.2999225981610958,
        "std_normal_error": 0.0033975179355731668,
        "std_anomaly_error": 0.36851788920653344,
        "separability": 0.9846793389725407
      }
    },
    "fbeta": {
      "threshold": 0.08766650158163268,
      "metrics": {
        "precision": 0.7613412228796844,
        "recall": 0.7704590818363274,
        "f1": 0.7658730158730159,
        "accuracy": 0.8821178821178821,
        "auc_roc": 0.9073006551852989,
        "auc_pr": 0.8651571089880298,
        "average_precision": 0.8651571089880298,
        "true_positives": 386,
        "true_negatives": 1380,
        "false_positives": 121,
        "false_negatives": 115,
        "mean_normal_error": 0.08155958438829333,
        "mean_anomaly_error": 0.2999225981610958,
        "std_normal_error": 0.0033975179355731668,
        "std_anomaly_error": 0.36851788920653344,