{
  "threshold": 0.08977606579245477,
  "method": "percentile_97",
  "f1_test": 0.7749725576289791
}