{"loss": [0.09258145093917847, 0.013487053103744984, 0.0034635926131159067, 0.0011278827441856265, 0.0005039192037656903, 0.00031013143598102033, 0.00024240963102784008, 0.00020841900550294667, 0.00018771459872368723, 0.000172048996319063, 0.00015855024685151875, 0.00014688700321130455, 0.00013649175525642931, 0.00012717976642306894, 0.00011871745664393529, 0.00011106777674285695, 0.00010356745769968256, 9.759733075043187e-05, 9.214163583237678e-05, 8.707214146852493e-05, 8.256161527242512e-05, 7.86138407420367e-05, 7.486875983886421e-05, 7.15876230970025e-05, 6.88305008225143e-05, 6.568928074557334e-05, 6.32342926110141e-05, 6.141997437225655e-05, 6.092703188187443e-05, 6.080621460569091e-05, 5.913500353926793e-05, 5.785632674815133e-05, 5.729394615627825e-05, 5.8547131629893556e-05, 5.645843702950515e-05, 5.729824988520704e-05, 4.857018939219415e-05, 4.73738182336092e-05, 0.0001308112550759688, 0.00022915565932635218, 0.0001160434985649772, 4.824286588700488e-05, 8.348110713995993e-05, 6.21409562882036e-05, 5.124707240611315e-05, 4.257225737092085e-05, 4.5154316467233e-05, 0.00013490443234331906, 0.00011290844122413546, 6.38976925984025e-05, 6.030912481946871e-05, 9.241634688805789e-05, 6.184211088111624e-05, 4.4363707274897024e-05, 3.688325159600936e-05, 3.933461266569793e-05, 4.100327714695595e-05, 0.001467453083023429, 0.0007077394402585924, 0.00019251712365075946, 6.141779158497229e-05, 4.1890500142471865e-05, 3.64325605914928e-05, 3.5344684874871746e-05, 3.632382504292764e-05, 3.43449974025134e-05, 3.3376130886608735e-05, 3.294511043350212e-05, 3.297769580967724e-05, 3.287895742687397e-05, 3.298517185612582e-05, 3.316889706184156e-05, 3.360715709277429e-05, 3.366609962540679e-05, 3.463706889306195e-05, 3.572987770894542e-05, 3.720863605849445e-05, 3.7477107980521396e-05, 3.6059464036952704e-05, 3.376667154952884e-05, 3.473828110145405e-05, 3.402677975827828e-05, 4.809443635167554e-05, 0.0002265613729832694, 0.00041405175579711795, 0.0001691424986347556, 7.700806600041687e-05, 3.5304292396176606e-05, 3.1308780307881534e-05, 3.362906500115059e-05, 3.367329190950841e-05, 3.400297282496467e-05, 3.1333420338341966e-05, 3.398429907974787e-05, 0.0006538847228512168, 0.0005598686984740198, 0.00015027716290205717, 7.376425492111593e-05, 5.045481157139875e-05, 4.2815590859390795e-05], "val_loss": [0.035570401698350906, 0.007340527139604092, 0.0015313602052628994, 0.00047878987970761955, 0.00038927243440411985, 0.0002648673835210502, 0.00021550471137743443, 0.0001913814921863377, 0.0001729019422782585, 0.00015903085295576602, 0.00014723953790962696, 0.00013683301222044975, 0.00012746952415909618, 0.00011888683366123587, 0.00011126873141620308, 0.00010373021359555423, 9.785298607312143e-05, 9.379768744111061e-05, 8.781094220466912e-05, 8.387426350964233e-05, 7.93598301243037e-05, 7.577220821985975e-05, 7.267876208061352e-05, 6.973703420953825e-05, 6.704097904730588e-05, 6.426018080674112e-05, 6.188055704114959e-05, 6.115042924648151e-05, 5.7816705520963296e-05, 5.778984268545173e-05, 5.970054917270318e-05, 5.519151090993546e-05, 5.3946194384479895e-05, 5.220369348535314e-05, 5.7709916291059926e-05, 4.883141809841618e-05, 4.6777608076808974e-05, 4.5990589569555596e-05, 0.0006267551216296852, 0.00018528672808315605, 6.664303509751335e-05, 6.405156455002725e-05, 4.353595068096183e-05, 6.370843038894236e-05, 4.39084687968716e-05, 4.019850894110277e-05, 4.6019849833101034e-05, 0.00029257452115416527, 4.39248324255459e-05, 4.5092980144545436e-05, 9.944110206561163e-05, 3.907068457920104e-05, 6.972692790441215e-05, 3.687185380840674e-05, 3.6968518543289974e-05, 4.383860505186021e-05, 4.259888737578876e-05, 0.0022248830646276474, 0.00042879971442744136, 4.018756590085104e-05, 5.5527834774693474e-05, 3.7353358493419364e-05, 3.458432183833793e-05, 3.7944610085105523e-05, 3.40363330906257e-05, 3.33479001710657e-05, 3.289526648586616e-05, 3.275427297921851e-05, 3.305725840618834e-05, 3.2585536246187985e-05, 3.2138937967829406e-05, 3.1890675018075854e-05, 3.1582178053213283e-05, 3.123507849522866e-05, 3.2745127100497484e-05, 3.43593601428438e-05, 3.9292179280892015e-05, 4.332392927608453e-05, 3.303811536170542e-05, 3.2337946322513744e-05, 3.120054316241294e-05, 3.934517371817492e-05, 4.328107024775818e-05, 0.0007855443400330842, 0.00037560038617812097, 4.5382439566310495e-05, 4.514068859862164e-05, 3.333139466121793e-05, 3.3510241337353364e-05, 3.416414256207645e-05, 3.181021747877821e-05, 3.148309770040214e-05, 2.958620279969182e-05, 4.476273898035288e-05, 0.001912949956022203, 6.278255023062229e-05, 0.00011610905494308099, 6.12765725236386e-05, 5.18227752763778e-05, 5.2226205298211426e-05]}