{
  "precision": 0.9880952380952381,
  "recall": 0.6626746506986028,
  "f1": 0.7933094384707288,
  "accuracy": 0.9135864135864136,
  "auc_roc": 0.8689762380635132,
  "auc_pr": 0.824735775470732,
  "average_precision": 0.824735775470732,
  "true_positives": 332,
  "true_negatives": 1497,
  "false_positives": 4,
  "false_negatives": 169,
  "mean_normal_error": 0.0097853385621996,
  "mean_anomaly_error": 0.24981623395118968,
  "std_normal_error": 0.00907795403041196,
  "std_anomaly_error": 0.3272650493070098,
  "separability": 0.0,
  "threshold": 48.130062103271484,
  "threshold_method": "mahalanobis_p99.9_k5",
  "all_thresholds": {
    "mahalanobis_p99.9_k5": {
      "threshold": 48.130062103271484,
      "metrics": {
        "precision": 0.9880952380952381,
        "recall": 0.6626746506986028,
        "f1": 0.7933094384707288,
        "accuracy": 0.9135864135864136,
        "auc_roc": 0.8689762380635132,
        "auc_pr": 0.824735775470732,
        "average_precision": 0.824735775470732,
        "true_positives": 332,
        "true_negatives": 1497,
        "false_positives": 4,
        "false_negatives": 169,
        "mean_normal_error": 0.0097853385621996,
        "mean_anomaly_error": 0.24981623395118968,
        "std_normal_error": 0.00907795403041196,
        "std_anomaly_error": 0.3272650493070098,
        "separability": 0.0
      }
    }
  }
}