{
  "threshold": 48.130062103271484,
  "method": "mahalanobis_p99.9_k5",
  "f1_test": 0.7933094384707288
}