{
  "threshold": 0.04915354363490502,
  "method": "std_2",
  "f1_test": 0.7295285359801489
}