{"loss": [0.15451286733150482, 0.027302831411361694, 0.006799241062253714, 0.002830197336152196, 0.0019260598346590996, 0.0016602103132754564, 0.0015838200924918056, 0.0015455745160579681, 0.0015264514368027449, 0.0015126304933801293, 0.0015017255209386349, 0.0014931000769138336, 0.0014850449515506625, 0.001477245008572936, 0.0014702149201184511, 0.0014621600275859237, 0.001453403732739389, 0.0014436461497098207, 0.0014322956558316946, 0.001416888553649187, 0.0013943405356258154, 0.001359304180368781, 0.0012950473465025425, 0.0011676972499117255, 0.0008870614692568779, 0.0004003498761449009, 0.00017720923642627895, 0.000100054829090368, 7.514476601500064e-05, 6.59444704069756e-05, 6.18584526819177e-05, 5.8694102335721254e-05, 5.524803782464005e-05, 5.145201794221066e-05, 4.759120929520577e-05, 4.44422330474481e-05, 4.266607356839813e-05, 4.2553954699542373e-05, 4.1844828956527635e-05, 4.1950253944378346e-05, 4.039160558022559e-05, 4.028155672131106e-05, 4.0368729969486594e-05, 4.83181829622481e-05, 3.594836016418412e-05, 4.909653216600418e-05, 4.1287989006377757e-05, 6.0069680330343544e-05, 4.053539669257589e-05, 4.667113898904063e-05, 3.592611028579995e-05, 6.308074807748199e-05, 3.539871613611467e-05, 6.738032243447378e-05, 3.5420736821834e-05, 5.096359382150695e-05, 4.915118915960193e-05, 7.650288171134889e-05, 4.6945977373979986e-05, 5.97845391894225e-05, 6.947461952222511e-05, 4.029988849652e-05, 5.9471210988704115e-05, 3.0512534067383967e-05, 0.0001571399625390768, 0.00016548957501072437, 7.050276326481253e-05, 4.336097481427714e-05, 4.659120531869121e-05, 3.8052508898545057e-05, 0.00011624377657426521, 0.00010077287151943892, 6.110932008596137e-05, 8.02803406259045e-05, 0.00011706374061759561, 7.240465492941439e-05, 0.00022010001703165472, 0.00011775163147831336, 5.619608418783173e-05, 3.933794505428523e-05, 3.00075116683729e-05, 0.00012498319847509265, 0.001169975963421166, 0.00019760044233407825, 8.050059841480106e-05, 4.4722164602717385e-05, 3.4496286389185116e-05, 3.391404970898293e-05, 3.680381996673532e-05, 3.706335701281205e-05, 5.786352630821057e-05, 5.258511737338267e-05, 0.00011551689385669306, 0.0001623180869501084, 3.274258051533252e-05, 2.9360957341850735e-05, 0.00015028110647108406, 0.002428811974823475, 0.0004622544802259654, 0.0001268222404178232], "val_loss": [0.058730222284793854, 0.011482926085591316, 0.003816387616097927, 0.0021767865400761366, 0.0016453018179163337, 0.0015423344448208809, 0.0014957529492676258, 0.0014676451683044434, 0.0014521193224936724, 0.0014406787231564522, 0.0014309535035863519, 0.001423017238266766, 0.001415410777553916, 0.0014084051363170147, 0.001400717068463564, 0.0013928253902122378, 0.0013849084498360753, 0.0013750102370977402, 0.0013615862699225545, 0.0013427594676613808, 0.0013171890750527382, 0.00127574207726866, 0.001197083038277924, 0.0010209729662165046, 0.0006377039826475084, 0.00020145931921433657, 0.00012606190284714103, 8.940105908550322e-05, 7.097766501829028e-05, 6.312810000963509e-05, 5.938934918958694e-05, 5.722392234019935e-05, 5.6362296163570136e-05, 5.467881783260964e-05, 4.8494730435777456e-05, 4.4954031181987375e-05, 4.516794069786556e-05, 4.490355058806017e-05, 4.0220333175966516e-05, 4.0078168240142986e-05, 4.3694573832908645e-05, 5.350572973839007e-05, 5.0637358071981e-05, 3.606394602684304e-05, 4.926392648485489e-05, 3.327330341562629e-05, 9.742836118675768e-05, 4.2132785893045366e-05, 3.6890462070005015e-05, 5.2097639127168804e-05, 3.969314639107324e-05, 3.915077468263917e-05, 6.129265966592357e-05, 3.1116291211219504e-05, 3.931067112716846e-05, 8.65433321450837e-05, 3.521894905134104e-05, 4.7368983359774575e-05, 4.625041037797928e-05, 0.0001324750337516889, 4.526210977928713e-05, 6.817438406869769e-05, 2.963294173241593e-05, 5.202242755331099e-05, 0.00039450544863939285, 0.00011061937402701005, 5.19420973432716e-05, 6.23796004219912e-05, 4.250603524269536e-05, 6.335583748295903e-05, 9.478129504714161e-05, 8.497915405314416e-05, 0.0001159432576969266, 0.00010499453492229804, 4.242658906150609e-05, 0.0002936903911177069, 5.147649790160358e-05, 8.305803203256801e-05, 3.11709736706689e-05, 2.7856931410497054e-05, 3.139361797366291e-05, 0.0010771364904940128, 0.00014723025378771126, 0.00012829758634325117, 4.287370393285528e-05, 3.8206471799639985e-05, 3.500724778859876e-05, 2.992152985825669e-05, 4.003845970146358e-05, 4.993679249309935e-05, 9.231417789123952e-05, 5.235994831309654e-05, 0.00030785551643930376, 4.2324674723204225e-05, 3.0080396754783578e-05, 2.853204387065489e-05, 0.0014727867674082518, 0.0003087456861976534, 0.00012331947800703347, 8.398362115258351e-05]}