{
  "Keras FP32 (Baseline)": {
    "1": {
      "latency_batch_ms": 23.245375799994388,
      "latency_sample_ms": 23.245375799994388,
      "net_ram_mb": 0.0,
      "net_vram_mb": 0.0
    },
    "2": {
      "latency_batch_ms": 18.23601663328797,
      "latency_sample_ms": 9.118008316643985,
      "net_ram_mb": 0.0,
      "net_vram_mb": 0.0
    },
    "4": {
      "latency_batch_ms": 18.39349320000565,
      "latency_sample_ms": 4.598373300001413,
      "net_ram_mb": 0.0,
      "net_vram_mb": 0.0
    },
    "8": {
      "latency_batch_ms": 18.40440956666498,
      "latency_sample_ms": 2.3005511958331226,
      "net_ram_mb": 0.0,
      "net_vram_mb": 0.0
    },
    "16": {
      "latency_batch_ms": 19.64229783329756,
      "latency_sample_ms": 1.2276436145810976,
      "net_ram_mb": 0.0,
      "net_vram_mb": 0.0
    },
    "32": {
      "latency_batch_ms": 18.722976533346507,
      "latency_sample_ms": 0.5850930166670784,
      "net_ram_mb": 0.0,
      "net_vram_mb": 0.0
    },
    "64": {
      "latency_batch_ms": 20.16152473333932,
      "latency_sample_ms": 0.3150238239584269,
      "net_ram_mb": 0.0,
      "net_vram_mb": 0.0
    },
    "128": {
      "latency_batch_ms": 18.824454933314883,
      "latency_sample_ms": 0.14706605416652252,
      "net_ram_mb": 0.0,
      "net_vram_mb": 0.0
    }
  },
  "TFLite Dynamic": {
    "1": {
      "latency_batch_ms": 0.13633376666651506,
      "latency_sample_ms": 0.13633376666651506,
      "net_ram_mb": 0.0,
      "net_vram_mb": 0.0
    },
    "2": {
      "latency_batch_ms": 0.27458416664861335,
      "latency_sample_ms": 0.13729208332430667,
      "net_ram_mb": 0.0,
      "net_vram_mb": 0.0
    },
    "4": {
      "latency_batch_ms": 0.5174067999935991,
      "latency_sample_ms": 0.12935169999839977,
      "net_ram_mb": 0.0,
      "net_vram_mb": 0.0
    },
    "8": {
      "latency_batch_ms": 1.0272097333427155,
      "latency_sample_ms": 0.12840121666783944,
      "net_ram_mb": 0.0,
      "net_vram_mb": 0.0
    },
    "16": {
      "latency_batch_ms": 2.0932232666458126,
      "latency_sample_ms": 0.1308264541653633,
      "net_ram_mb": 0.0,
      "net_vram_mb": 0.0
    },
    "32": {
      "latency_batch_ms": 4.339685066641626,
      "latency_sample_ms": 0.1356151583325508,
      "net_ram_mb": 0.0,
      "net_vram_mb": 0.0
    },
    "64": {
      "latency_batch_ms": 8.662885800004005,
      "latency_sample_ms": 0.13535759062506258,
      "net_ram_mb": 0.0,
      "net_vram_mb": 0.0
    },
    "128": {
      "latency_batch_ms": 17.587663633336586,
      "latency_sample_ms": 0.13740362213544208,
      "net_ram_mb": 0.0,
      "net_vram_mb": 0.0
    }
  },
  "TFLite INT8": {
    "1": {
      "latency_batch_ms": 0.11249779997039393,
      "latency_sample_ms": 0.11249779997039393,
      "net_ram_mb": 0.0,
      "net_vram_mb": 0.0
    },
    "2": {
      "latency_batch_ms": 0.23462643332550215,
      "latency_sample_ms": 0.11731321666275107,
      "net_ram_mb": 0.0,
      "net_vram_mb": 0.0
    },
    "4": {
      "latency_batch_ms": 0.426252433355027,
      "latency_sample_ms": 0.10656310833875675,
      "net_ram_mb": 0.0,
      "net_vram_mb": 0.0
    },
    "8": {
      "latency_batch_ms": 0.8515519000108421,
      "latency_sample_ms": 0.10644398750135527,
      "net_ram_mb": 0.0,
      "net_vram_mb": 0.0
    },
    "16": {
      "latency_batch_ms": 1.6665659666614374,
      "latency_sample_ms": 0.10416037291633984,
      "net_ram_mb": 0.0,
      "net_vram_mb": 0.0
    },
    "32": {
      "latency_batch_ms": 3.3309152999966805,
      "latency_sample_ms": 0.10409110312489626,
      "net_ram_mb": 0.0,
      "net_vram_mb": 0.0
    },
    "64": {
      "latency_batch_ms": 6.693675266668227,
      "latency_sample_ms": 0.10458867604169104,
      "net_ram_mb": 0.0,
      "net_vram_mb": 0.0
    },
    "128": {
      "latency_batch_ms": 13.671910299998066,
      "latency_sample_ms": 0.10681179921873489,
      "net_ram_mb": 0.0,
      "net_vram_mb": 0.0
    }
  },
  "ONNX (CPU)": {
    "1": {
      "latency_batch_ms": 0.4458882666616167,
      "latency_sample_ms": 0.4458882666616167,
      "net_ram_mb": 0.0,
      "net_vram_mb": 0.0
    },
    "2": {
      "latency_batch_ms": 0.5710134666590724,
      "latency_sample_ms": 0.2855067333295362,
      "net_ram_mb": 0.0,
      "net_vram_mb": 0.0
    },
    "4": {
      "latency_batch_ms": 0.6682157999648553,
      "latency_sample_ms": 0.1670539499912138,
      "net_ram_mb": 0.0,
      "net_vram_mb": 0.0
    },
    "8": {
      "latency_batch_ms": 0.920127700002619,
      "latency_sample_ms": 0.11501596250032738,
      "net_ram_mb": 0.0,
      "net_vram_mb": 0.0
    },
    "16": {
      "latency_batch_ms": 1.3924192000028295,
      "latency_sample_ms": 0.08702620000017684,
      "net_ram_mb": 0.0,
      "net_vram_mb": 0.0
    },
    "32": {
      "latency_batch_ms": 2.4836741333425985,
      "latency_sample_ms": 0.0776148166669562,
      "net_ram_mb": 0.0,
      "net_vram_mb": 0.0
    },
    "64": {
      "latency_batch_ms": 4.431697600004251,
      "latency_sample_ms": 0.06924527500006643,
      "net_ram_mb": 0.0,
      "net_vram_mb": 0.0
    },
    "128": {
      "latency_batch_ms": 8.272213699979147,
      "latency_sample_ms": 0.06462666953108709,
      "net_ram_mb": 0.0,
      "net_vram_mb": 0.0
    }
  }
}