{
  "Keras FP32 (Baseline)": {
    "size_mb": 3.419769287109375,
    "benchmark": {
      "latency_bs1_mean_ms": 19.750013650000398,
      "latency_bs1_std_ms": 1.6140812028903146,
      "latency_bs32_mean_ms": 19.489991569999887,
      "latency_bs32_std_ms": 1.2499584867027005,
      "mse": 0.13152441382408142,
      "mse_diff_from_baseline": 0.0
    },
    "performance": {
      "latency_mean_ms": 21.430369113333164,
      "latency_std_ms": 2.8212812486349046,
      "latency_min_ms": 18.758807000011757,
      "latency_max_ms": 43.325366000004806,
      "net_ram_mb": 0.0,
      "net_vram_mb": 0.0,
      "peak_ram_mb": 3443.1015625,
      "peak_vram_mb": 2.671875
    },
    "evaluation": {
      "latency_per_sample_mean_ms": 0.040810067894705565,
      "latency_per_sample_std_ms": 0.05748154868358708,
      "accuracy": 0.9555372024926796,
      "precision": 0.9701922847816246,
      "recall": 0.9596964268879042,
      "f1": 0.964915814543171,
      "auc_roc": 0.9851214933746677
    },
    "batch_scaling": {
      "1": {
        "latency_batch_ms": 20.3298757666649,
        "latency_sample_ms": 20.3298757666649,
        "net_ram_mb": 0.0,
        "net_vram_mb": 0.0
      },
      "2": {
        "latency_batch_ms": 19.26731503333296,
        "latency_sample_ms": 9.63365751666648,
        "net_ram_mb": 0.0,
        "net_vram_mb": 0.0
      },
      "4": {
        "latency_batch_ms": 19.64345446666016,
        "latency_sample_ms": 4.91086361666504,
        "net_ram_mb": 0.0,
        "net_vram_mb": 0.0
      },
      "8": {
        "latency_batch_ms": 19.233022133336892,
        "latency_sample_ms": 2.4041277666671115,
        "net_ram_mb": 0.0,
        "net_vram_mb": 0.0
      },
      "16": {
        "latency_batch_ms": 19.494871766666694,
        "latency_sample_ms": 1.2184294854166684,
        "net_ram_mb": 0.0,
        "net_vram_mb": 0.0
      },
      "32": {
        "latency_batch_ms": 19.28500363333872,
        "latency_sample_ms": 0.602656363541835,
        "net_ram_mb": 0.0,
        "net_vram_mb": 0.0
      },
      "64": {
        "latency_batch_ms": 19.486273566667478,
        "latency_sample_ms": 0.30447302447917934,
        "net_ram_mb": 0.0,
        "net_vram_mb": 0.0
      },
      "128": {
        "latency_batch_ms": 20.065358566663843,
        "latency_sample_ms": 0.15676061380206127,
        "net_ram_mb": 0.0,
        "net_vram_mb": 0.0
      }
    }
  },
  "TFLite Dynamic": {
    "size_mb": 0.34896087646484375,
    "benchmark": {
      "latency_bs1_mean_ms": 0.15677535000008902,
      "latency_bs1_std_ms": 0.05347609514880918,
      "latency_bs32_mean_ms": 4.708431160000259,
      "latency_bs32_std_ms": 0.392882095797086,
      "mse": 0.13115191459655762,
      "mse_diff_from_baseline": 0.0003724992275238037
    },
    "performance": {
      "latency_mean_ms": 385.09716509333373,
      "latency_std_ms": 19.929669973838188,
      "latency_min_ms": 357.86577300001454,
      "latency_max_ms": 465.8055460000128,
      "net_ram_mb": 0.0,
      "net_vram_mb": 0.0,
      "peak_ram_mb": 3648.03515625,
      "peak_vram_mb": 2.671875
    },
    "evaluation": {
      "latency_per_sample_mean_ms": 0.14640976015865895,
      "latency_per_sample_std_ms": 0.004428192743250394,
      "accuracy": 0.6371048877543359,
      "precision": 0.6371048877543359,
      "recall": 1.0,
      "f1": 0.7783311778248626,
      "auc_roc": 0.9446169210941611
    },
    "batch_scaling": {
      "1": {
        "latency_batch_ms": 0.1728336000079859,
        "latency_sample_ms": 0.1728336000079859,
        "net_ram_mb": 0.0,
        "net_vram_mb": 0.0
      },
      "2": {
        "latency_batch_ms": 0.2820887000003343,
        "latency_sample_ms": 0.14104435000016716,
        "net_ram_mb": 0.0,
        "net_vram_mb": 0.0
      },
      "4": {
        "latency_batch_ms": 0.5340246999973411,
        "latency_sample_ms": 0.1335061749993353,
        "net_ram_mb": 0.0,
        "net_vram_mb": 0.0
      },
      "8": {
        "latency_batch_ms": 1.116483599997764,
        "latency_sample_ms": 0.1395604499997205,
        "net_ram_mb": 0.0,
        "net_vram_mb": 0.0
      },
      "16": {
        "latency_batch_ms": 2.205047833329369,
        "latency_sample_ms": 0.13781548958308557,
        "net_ram_mb": 0.0,
        "net_vram_mb": 0.0
      },
      "32": {
        "latency_batch_ms": 4.545553899989348,
        "latency_sample_ms": 0.14204855937466712,
        "net_ram_mb": 0.0,
        "net_vram_mb": 0.0
      },
      "64": {
        "latency_batch_ms": 9.074664666667331,
        "latency_sample_ms": 0.14179163541667705,
        "net_ram_mb": 0.0,
        "net_vram_mb": 0.0
      },
      "128": {
        "latency_batch_ms": 18.844466366666285,
        "latency_sample_ms": 0.14722239348958036,
        "net_ram_mb": 0.0,
        "net_vram_mb": 0.0
      }
    }
  },
  "TFLite FP16": {
    "size_mb": 0.5777587890625,
    "benchmark": {
      "latency_bs1_mean_ms": 0.15043655000070544,
      "latency_bs1_std_ms": 0.01934006572348895,
      "latency_bs32_mean_ms": 4.685017920000405,
      "latency_bs32_std_ms": 0.49031599586693686,
      "mse": 0.1315157413482666,
      "mse_diff_from_baseline": 8.672475814819336e-06
    },
    "performance": {
      "latency_mean_ms": 362.9998921800012,
      "latency_std_ms": 7.152628851117518,
      "latency_min_ms": 348.53833500000064,
      "latency_max_ms": 391.26517600001876,
      "net_ram_mb": 0.0,
      "net_vram_mb": 0.0,
      "peak_ram_mb": 3642.6015625,
      "peak_vram_mb": 2.671875
    },
    "evaluation": {
      "latency_per_sample_mean_ms": 0.15502706061342422,
      "latency_per_sample_std_ms": 0.0028436209078866255,
      "accuracy": 0.9575643817103386,
      "precision": 0.9730969560854399,
      "recall": 0.9599321202979165,
      "f1": 0.9664697088346266,
      "auc_roc": 0.9854382063334173
    },
    "batch_scaling": {
      "1": {
        "latency_batch_ms": 0.15666103333463374,
        "latency_sample_ms": 0.15666103333463374,
        "net_ram_mb": 0.0,
        "net_vram_mb": 0.0
      },
      "2": {
        "latency_batch_ms": 0.32697980000572596,
        "latency_sample_ms": 0.16348990000286298,
        "net_ram_mb": 0.0,
        "net_vram_mb": 0.0
      },
      "4": {
        "latency_batch_ms": 0.5490039666672905,
        "latency_sample_ms": 0.1372509916668226,
        "net_ram_mb": 0.0,
        "net_vram_mb": 0.0
      },
      "8": {
        "latency_batch_ms": 1.1134465999892502,
        "latency_sample_ms": 0.13918082499865628,
        "net_ram_mb": 0.0,
        "net_vram_mb": 0.0
      },
      "16": {
        "latency_batch_ms": 2.2548247666653274,
        "latency_sample_ms": 0.14092654791658296,
        "net_ram_mb": 0.0,
        "net_vram_mb": 0.0
      },
      "32": {
        "latency_batch_ms": 4.8319221999994015,
        "latency_sample_ms": 0.1509975687499813,
        "net_ram_mb": 0.0,
        "net_vram_mb": 0.0
      },
      "64": {
        "latency_batch_ms": 9.178489199994525,
        "latency_sample_ms": 0.14341389374991445,
        "net_ram_mb": 0.0,
        "net_vram_mb": 0.0
      },
      "128": {
        "latency_batch_ms": 19.06356173333658,
        "latency_sample_ms": 0.14893407604169204,
        "net_ram_mb": 0.0,
        "net_vram_mb": 0.0
      }
    }
  },
  "TFLite INT8": {
    "size_mb": 0.3875732421875,
    "benchmark": {
      "latency_bs1_mean_ms": 0.11803374999928451,
      "latency_bs1_std_ms": 0.01330547505169487,
      "latency_bs32_mean_ms": 3.50585991999921,
      "latency_bs32_std_ms": 0.2136682170028308,
      "mse": 0.6766403913497925,
      "mse_diff_from_baseline": 0.5451159775257111
    },
    "performance": {
      "latency_mean_ms": 231.46414610666665,
      "latency_std_ms": 8.509508038806358,
      "latency_min_ms": 222.18578399997568,
      "latency_max_ms": 275.3965939999716,
      "net_ram_mb": 0.0,
      "net_vram_mb": 0.0,
      "peak_ram_mb": 3494.48828125,
      "peak_vram_mb": 2.671875
    },