{
  "Keras FP32 (Baseline)": {
    "size_mb": 3.419769287109375,
    "benchmark": {
      "latency_bs1_mean_ms": 19.295370993332785,
      "latency_bs1_std_ms": 1.17736846551656,
      "mse": 0.1315251737833023,
      "mse_diff_from_baseline": 0.0
    },
    "performance": {
      "latency_mean_ms": 19.60343433333435,
      "latency_std_ms": 1.3784869287308534,
      "latency_min_ms": 17.239015000001245,
      "latency_max_ms": 25.950781000005918,
      "net_ram_mb": 0.0,
      "net_vram_mb": 0.0,
      "peak_ram_mb": 3438.0078125,
      "peak_vram_mb": 2.671875
    },
    "evaluation": {
      "latency_per_sample_mean_ms": 19.943911646666947,
      "latency_per_sample_std_ms": 1.6717617379594831,
      "accuracy": 0.9555372024926796,
      "precision": 0.9701922847816246,
      "recall": 0.9596964268879042,
      "f1": 0.964915814543171,
      "auc_roc": 0.9851214972757463
    }
  },
  "TFLite Dynamic": {
    "size_mb": 0.34896087646484375,
    "benchmark": {
      "latency_bs1_mean_ms": 0.13991183333265175,
      "latency_bs1_std_ms": 0.013081724457725145,
      "mse": 0.13115191459655762,
      "mse_diff_from_baseline": 0.00037325918674468994
    },
    "performance": {
      "latency_mean_ms": 0.13989017999999,
      "latency_std_ms": 0.016603733238816348,
      "latency_min_ms": 0.13123400000836227,
      "latency_max_ms": 0.2483490000031452,
      "net_ram_mb": 0.0,
      "net_vram_mb": 0.0,
      "peak_ram_mb": 3438.37890625,
      "peak_vram_mb": 2.671875
    },
    "evaluation": {
      "latency_per_sample_mean_ms": 0.15252355333473133,
      "latency_per_sample_std_ms": 0.02853960935057719,
      "accuracy": 0.6371048877543359,
      "precision": 0.6371048877543359,
      "recall": 1.0,
      "f1": 0.7783311778248626,
      "auc_roc": 0.9446169210941611
    }
  },
  "TFLite FP16": {
    "size_mb": 0.5777587890625,
    "benchmark": {
      "latency_bs1_mean_ms": 0.16184592000096623,
      "latency_bs1_std_ms": 0.04866183189841283,
      "mse": 0.1315157413482666,
      "mse_diff_from_baseline": 9.432435035705566e-06
    },
    "performance": {
      "latency_mean_ms": 0.17248054666652024,
      "latency_std_ms": 0.05563703055841035,
      "latency_min_ms": 0.1412329999936901,
      "latency_max_ms": 0.5515940000009323,
      "net_ram_mb": 0.0,
      "net_vram_mb": 0.0,
      "peak_ram_mb": 3438.5078125,
      "peak_vram_mb": 2.671875
    },
    "evaluation": {
      "latency_per_sample_mean_ms": 0.1645578866668984,
      "latency_per_sample_std_ms": 0.048891224995238215,
      "accuracy": 0.9575643817103386,
      "precision": 0.9730969560854399,
      "recall": 0.9599321202979165,
      "f1": 0.9664697088346266,
      "auc_roc": 0.9854382063334173
    }
  },
  "TFLite INT8": {
    "size_mb": 0.3875732421875,
    "benchmark": {
      "latency_bs1_mean_ms": 0.1208925999999148,
      "latency_bs1_std_ms": 0.04161135302352876,
      "mse": 0.6766403913497925,
      "mse_diff_from_baseline": 0.5451152175664902
    },
    "performance": {
      "latency_mean_ms": 0.11220046000043264,
      "latency_std_ms": 0.016776582087287092,
      "latency_min_ms": 0.10672100000874707,
      "latency_max_ms": 0.24653100001614803,
      "net_ram_mb": 0.0,
      "net_vram_mb": 0.0,
      "peak_ram_mb": 3438.41796875,
      "peak_vram_mb": 2.671875
    },
    "evaluation": {
      "latency_per_sample_mean_ms": 0.1125172933312039,
      "latency_per_sample_std_ms": 0.013331954404164379,
      "accuracy": 0.6371048877543359,
      "precision": 0.6371048877543359,
      "recall": 1.0,
      "f1": 0.7783311778248626,
      "auc_roc": 0.321331252477258
    }
  },
  "ONNX (CPU)": {
    "size_mb": 1.1292457580566406,
    "benchmark": {
      "latency_bs1_mean_ms": 0.41219810000086454,
      "latency_bs1_std_ms": 0.08185007645226519,
      "mse": 0.13152962923049927,
      "mse_diff_from_baseline": 4.455447196960449e-06
    },
    "performance": {
      "latency_mean_ms": 0.40622780666751623,
      "latency_std_ms": 0.11104430867862007,
      "latency_min_ms": 0.3554409999821928,
      "latency_max_ms": 1.405396000023984,
      "net_ram_mb": 0.0,
      "net_vram_mb": 0.0,
      "peak_ram_mb": 3438.91796875,
      "peak_vram_mb": 2.671875
    },
    "evaluation": {
      "latency_per_sample_mean_ms": 0.44026062000038263,
      "latency_per_sample_std_ms": 0.2896867726973709,
      "accuracy": 0.9600420451985885,
      "precision": 0.9800574615514619,
      "recall": 0.956750259262751,
      "f1": 0.9682636230276576,
      "auc_roc": 0.9861047563084233
    }
  },
  "TensorRT FP32 (GPU)": {
    "size_mb": 1.4540443420410156,
    "benchmark": {
      "latency_bs1_mean_ms": 0.42765720666731494,
      "latency_bs1_std_ms": 0.19603032185359734,
      "mse": 0.13153193891048431,
      "mse_diff_from_baseline": 6.765127182006836e-06
    },
    "performance": {
      "latency_mean_ms": 0.8001656799990542,
      "latency_std_ms": 0.4373930700134335,
      "latency_min_ms": 0.5155880000131674,
      "latency_max_ms": 2.7668360000063785,
      "net_ram_mb": 0.0,
      "net_vram_mb": 0.0,
      "peak_ram_mb": 3440.04296875,
      "peak_vram_mb": 2.671875
    },
    "evaluation": null
  },
  "TensorRT FP16 (GPU)": {
    "size_mb": 1.4377021789550781,
    "benchmark": {
      "latency_bs1_mean_ms": 0.38477183999968173,
      "latency_bs1_std_ms": 0.09326805382040253,
      "mse": 0.13152892887592316,
      "mse_diff_from_baseline": 3.7550926208496094e-06
    },
    "performance": {
      "latency_mean_ms": 0.6819204866680669,
      "latency_std_ms": 0.22060478108121934,
      "latency_min_ms": 0.4412850000221624,
      "latency_max_ms": 1.5917739999906644,
      "net_ram_mb": 0.0,
      "net_vram_mb": 0.0,
      "peak_ram_mb": 3440.41796875,
      "peak_vram_mb": 2.671875
    },
    "evaluation": null
  },
  "TensorRT INT8 (GPU)": {
    "size_mb": 0.6907920837402344,
    "benchmark": {
      "latency_bs1_mean_ms": 0.5316325666670233,
      "latency_bs1_std_ms": 0.23368854357361224,
      "mse": 0.13478177785873413,
      "mse_diff_from_baseline": 0.0032566040754318237
    },
    "performance": {
      "latency_mean_ms": 0.6304616333312651,
      "latency_std_ms": 0.2630321770908061,
      "latency_min_ms": 0.4814819999978681,
      "latency_max_ms": 2.400450999999748,
      "net_ram_mb": 0.0,
      "net_vram_mb": 0.0,
      "peak_ram_mb": 3440.41796875,
      "peak_vram_mb": 2.671875
    },
    "evaluation": null
  },
  "Keras FP32 (CPU)": {
    "size_mb": 3.419769287109375,
    "benchmark": null,
    "performance": {
      "latency_mean_ms": 14.454720886666525,
      "latency_std_ms": 1.9284443527240034,
      "latency_min_ms": 12.779570999995826,
      "latency_max_ms": 35.5791599999975,
      "net_ram_mb": 0.5,
      "net_vram_mb": 0.0,
      "peak_ram_mb": 810.2734375,
      "peak_vram_mb": 10231.0
    },
    "evaluation": {
      "latency_per_sample_mean_ms": 14.162549359999257,
      "latency_per_sample_std_ms": 0.765995475196504,
      "accuracy": 0.9600120129138824,
      "precision": 0.9800333180424443,
      "recall": 0.9567266899217498,
      "f1": 0.9682397700573664,
      "auc_roc": 0.9861046860890104
    }
  }
}