{
  "loss": [
    11.291876792907715,
    10.255356788635254,
    9.513840675354004,
    8.419577598571777,
    7.642674446105957,
    7.083831310272217,
    6.574483871459961,
    5.8415608406066895,
    4.56223726272583,
    3.032968282699585,
    2.230520486831665,
    1.5405579805374146,
    1.4012426137924194,
    1.3021409511566162,
    1.1733124256134033,
    1.0234286785125732,
    0.8960666060447693,
    0.8229156136512756,
    0.7855101227760315,
    0.8307644128799438,
    0.7736122608184814,
    0.8915472030639648,
    0.8789717555046082,
    0.7614220976829529,
    0.707241952419281,
    0.6802111268043518,
    0.6718813180923462,
    0.6661120057106018,
    0.6600973606109619,
    0.6556529998779297,
    0.6479828953742981,
    0.6392543315887451,
    0.6847286224365234,
    0.667782723903656,
    0.779083788394928,
    0.6802371144294739,
    0.6822888851165771,
    0.6323626637458801,
    0.6108210682868958,
    0.628946840763092,
    0.6193041205406189,
    0.6105300784111023,
    0.6660769581794739,
    0.6545344591140747,
    0.6044663190841675,
    0.6112019419670105,
    0.610259473323822,
    0.7491322755813599,
    0.6587132215499878,
    0.6101669669151306,
    0.5880379676818848,
    0.593551754951477,
    0.5873900651931763,
    0.6276121139526367,
    0.5966578722000122,
    0.5754020810127258,
    0.5820534825325012,
    0.5753670334815979,
    0.5708255171775818,
    0.5852006077766418,
    0.5888597965240479,
    0.5738102793693542,
    0.5643666982650757,
    0.5619372129440308,
    0.544120192527771,
    0.5348743796348572,
    0.5325124263763428,
    0.5161206722259521,
    0.5446068644523621,
    0.5421692728996277,
    0.4743649661540985,
    0.4192061126232147,
    0.38149696588516235,
    0.5230455994606018,
    0.4173193573951721,
    0.4066809415817261,
    0.3091300129890442,
    0.34460270404815674,
    0.24782314896583557,
    0.2813962996006012,
    0.2532656788825989,
    0.1495804786682129,
    0.2148536592721939,
    0.2600814998149872,
    0.1678004264831543,
    0.1051434725522995,
    0.13720573484897614,
    0.10634049773216248,
    0.07110068202018738,
    0.1642584204673767,
    0.07064726948738098,
    0.06819869577884674,
    0.1124720573425293,
    0.08860055357217789,
    0.060297783464193344,
    0.04591907933354378,
    0.13683484494686127,
    0.16108158230781555,
    0.08285871148109436,
    0.051896750926971436
  ],
  "reconstruction_loss": [
    0.9971614480018616,
    0.9837866425514221,
    0.923764169216156,
    0.8181284666061401,
    0.7444711923599243,
    0.6907790303230286,
    0.6430867910385132,
    0.5704134702682495,
    0.4459453821182251,
    0.293229877948761,
    0.21447962522506714,
    0.1473998874425888,
    0.13422976434230804,
    0.12552990019321442,
    0.11354506760835648,
    0.09901852905750275,
    0.0866323709487915,
    0.07954876869916916,
    0.07603853195905685,
    0.08090627938508987,
    0.07513254880905151,
    0.08718952536582947,
    0.08625955879688263,
    0.07437127083539963,
    0.06912533938884735,
    0.06653119623661041,
    0.06586981564760208,
    0.0651862844824791,
    0.06482244282960892,
    0.06435942649841309,
    0.06372580677270889,
    0.06297233700752258,
    0.06744242459535599,
    0.0660245269536972,
    0.07700765877962112,
    0.06722203642129898,
    0.06751424819231033,
    0.06251870095729828,
    0.06028846651315689,
    0.062243230640888214,
    0.06128736212849617,
    0.06043340265750885,
    0.0661267563700676,
    0.06488606333732605,
    0.0599333792924881,
    0.060566600412130356,
    0.06046780198812485,
    0.07447551935911179,
    0.06548357754945755,
    0.060643527656793594,
    0.05830838531255722,
    0.059002555906772614,
    0.05826485902070999,
    0.062472667545080185,
    0.059339411556720734,
    0.0572725273668766,
    0.057935476303100586,
    0.05718551203608513,
    0.05675037205219269,
    0.058243293315172195,
    0.05864197760820389,
    0.05709659680724144,
    0.05617499724030495,
    0.05589478835463524,
    0.054124414920806885,
    0.05317340046167374,
    0.05288629233837128,
    0.05126204714179039,
    0.05395594984292984,
    0.05383424460887909,
    0.04712922126054764,
    0.04150009900331497,
    0.03762529045343399,
    0.0521741658449173,
    0.04168545454740524,
    0.0406397208571434,
    0.030900154262781143,
    0.03444841876626015,
    0.024768082424998283,
    0.02812790870666504,
    0.025319291278719902,
    0.01495144423097372,
    0.021476659923791885,
    0.025995800271630287,
    0.016769852489233017,
    0.01050743367522955,
    0.013717805035412312,
    0.010632110759615898,
    0.007106387987732887,
    0.016422489657998085,
    0.007063247263431549,
    0.006817438639700413,
    0.011245934292674065,
    0.008858833461999893,
    0.006026380695402622,
    0.004590956494212151,
    0.013682814314961433,
    0.016107024624943733,
    0.008284730836749077,
    0.005188803654164076
  ],
  "contrastive_loss": [
    2.6405255794525146,
    0.8349826335906982,
    0.5523976683616638,
    0.4765854477882385,
    0.3959255516529083,
    0.35208114981651306,
    0.2872318625450134,
    0.2748523950576782,
    0.20556721091270447,
    0.2013387531042099,
    0.17144820094108582,
    0.13311803340911865,
    0.1178903579711914,
    0.09368390589952469,
    0.07572370022535324,
    0.06648670881986618,
    0.05948585644364357,
    0.054855652153491974,
    0.050249598920345306,
    0.043403420597314835,
    0.044573407620191574,
    0.03930401802062988,
    0.03275241702795029,
    0.03541881591081619,
    0.031977154314517975,
    0.02979842573404312,
    0.026366058737039566,
    0.028498487547039986,
    0.023745933547616005,
    0.024117546156048775,
    0.02144969254732132,
    0.01906181313097477,
    0.020608730614185333,
    0.01507490687072277,
    0.01801435276865959,
    0.016033552587032318,
    0.01429279800504446,
    0.01435121800750494,
    0.015872709453105927,
    0.013028914108872414,
    0.012861148454248905,
    0.012392090633511543,
    0.009618720971047878,
    0.011347620747983456,
    0.010265008546411991,
    0.011071817949414253,
    0.011162913404405117,
    0.008754297159612179,
    0.007754846476018429,
    0.007463351357728243,
    0.009908254258334637,
    0.007052261848002672,
    0.0094829136505723,
    0.0057710460387170315,
    0.0065276226960122585,
    0.005353614687919617,
    0.00539747579023242,
    0.0070238253101706505,
    0.006643763743340969,
    0.005535411648452282,
    0.004879913758486509,
    0.005688408389687538,
    0.005233448464423418,
    0.005978613626211882,
    0.00575189758092165,
    0.0062805903144180775,
    0.007298983167856932,
    0.0070004393346607685,
    0.01009469572454691,
    0.007653698790818453,
    0.006145469378679991,
    0.00841024424880743,
    0.010488147847354412,
    0.002607959322631359,
    0.0009296803618781269,
    0.0005673897685483098,
    0.00025684889988042414,
    0.00023702060570940375,
    0.0002846082206815481,
    0.00023438672360498458,
    0.00014550535706803203,
    0.00013206707080826163,
    0.00017402012599632144,
    0.00024703293456695974,
    0.00020381182548590004,
    0.00013828543887939304,
    5.536314347409643e-05,
    3.880384247167967e-05,
    7.360251038335264e-05,
    6.710826710332185e-05,
    2.9598519176943228e-05,
    4.8608173528918996e-05,
    2.5445400751777925e-05,
    2.445156133035198e-05,
    6.796316301915795e-05,
    1.9022458218387328e-05,
    1.3409809980657883e-05,
    2.267269155709073e-05,
    2.2804717445978895e-05,
    1.7412497982149944e-05
  ],