{
  "threshold": 0.006155575042388069,
  "method": "percentile_97",
  "f1_test": 0.7947310647639956
}