{"loss": [0.003534456714987755, 0.0056991009041666985, 0.013688993640244007, 0.021447932347655296, 0.023846223950386047, 0.012883241288363934, 0.006340092979371548, 0.00833863578736782, 0.0061694602482020855, 0.004993828479200602, 0.015732452273368835, 0.003878008807078004, 0.004116655793040991, 0.0020821434445679188, 0.00324268895201385, 0.0028553251177072525, 0.0033427304588258266, 0.0023400788195431232, 0.0019230908947065473, 0.0017754272557795048, 0.0018061522860080004, 0.0018185144290328026, 0.0016981943044811487, 0.0017514999490231276, 0.001830387394875288, 0.0018558864248916507, 0.0017415739130228758, 0.0016676016384735703, 0.0016721186693757772, 0.0016875078435987234, 0.001689920318312943, 0.0016563646495342255, 0.00165085110347718, 0.001647028955630958, 0.0016463760985061526, 0.0016451479168608785, 0.0016410856042057276, 0.001639781054109335, 0.001639554975554347, 0.0016388141084462404, 0.0016365720657631755, 0.0016358820721507072, 0.001635494758374989, 0.0016353537794202566, 0.001635095220990479, 0.0016348777571693063, 0.0016350337537005544, 0.0016350630903616548, 0.0016349361976608634, 0.0016350182704627514, 0.0016349168727174401, 0.0016348989447578788, 0.0016349918441846967, 0.001635041437111795, 0.0016349119832739234, 0.001634989632293582, 0.0016349279321730137, 0.0016350047662854195, 0.0016348836943507195, 0.0016349664656445384, 0.0016348442295566201, 0.0016348223434761167, 0.0016349013894796371, 0.0016348889330402017, 0.001634959946386516], "val_loss": [0.002900845604017377, 0.006757684051990509, 0.024826016277074814, 0.008055588230490685, 0.038721952587366104, 0.011820179410278797, 0.008786140009760857, 0.01583133079111576, 0.004676262382417917, 0.03080209530889988, 0.00370972603559494, 0.002579857362434268, 0.0030534304678440094, 0.0019552193116396666, 0.005331636872142553, 0.0026450525037944317, 0.0024764230474829674, 0.0026314742863178253, 0.0019299223786219954, 0.0016609049635007977, 0.0017059805104508996, 0.0016622778493911028, 0.0016327716875821352, 0.0016265528975054622, 0.001670351019129157, 0.001888914848677814, 0.001605834113433957, 0.001628834754228592, 0.0016554256435483694, 0.0017005893168970942, 0.001610423787496984, 0.0015939520671963692, 0.0015913989627733827, 0.0015903471503406763, 0.0015964729245752096, 0.001600279356352985, 0.0015929971123114228, 0.0015893455129116774, 0.0015854532830417156, 0.0015854350058361888, 0.001584795769304037, 0.0015837990213185549, 0.001583798206411302, 0.0015844634035602212, 0.001583631499670446, 0.0015838980907574296, 0.0015838537365198135, 0.001583840581588447, 0.0015836970414966345, 0.0015838817926123738, 0.0015837328974157572, 0.0015838112449273467, 0.0015839270781725645, 0.0015837500104680657, 0.0015838968101888895, 0.0015839345287531614, 0.0015837469836696982, 0.0015839675907045603, 0.0015838448889553547, 0.0015838772524148226, 0.0015837791142985225, 0.0015838206745684147, 0.0015838958788663149, 0.0015840022824704647, 0.0015838972758501768]}