{
  "precision": 0.9739583333333334,
  "recall": 0.7465069860279441,
  "f1": 0.8451977401129943,
  "accuracy": 0.9315684315684316,
  "auc_roc": 0.9040147552995275,
  "auc_pr": 0.882079691131265,
  "average_precision": 0.882079691131265,
  "true_positives": 374,
  "true_negatives": 1491,
  "false_positives": 10,
  "false_negatives": 127,
  "mean_normal_error": 4.9057457549574205e-05,
  "mean_anomaly_error": 0.2500627904580013,
  "std_normal_error": 4.581740133666031e-05,
  "std_anomaly_error": 0.38712929302585963,
  "separability": 0.0,
  "threshold": 0.3089088797569275,
  "threshold_method": "knn_p99.5_k50",
  "all_thresholds": {
    "knn_p99.5_k50": {
      "threshold": 0.3089088797569275,
      "metrics": {
        "precision": 0.9739583333333334,
        "recall": 0.7465069860279441,
        "f1": 0.8451977401129943,
        "accuracy": 0.9315684315684316,
        "auc_roc": 0.9040147552995275,
        "auc_pr": 0.882079691131265,
        "average_precision": 0.882079691131265,
        "true_positives": 374,
        "true_negatives": 1491,
        "false_positives": 10,
        "false_negatives": 127,
        "mean_normal_error": 4.9057457549574205e-05,
        "mean_anomaly_error": 0.2500627904580013,
        "std_normal_error": 4.581740133666031e-05,
        "std_anomaly_error": 0.38712929302585963,
        "separability": 0.0
      }
    }
  }
}