{
  "threshold": 0.3089088797569275,
  "method": "knn_p99.5_k50",
  "f1_test": 0.8451977401129943
}