{
  "loss": [
    5.738180160522461,
    4.8428754806518555,
    4.140784740447998,
    3.549398899078369,
    3.0420053005218506,
    2.6115612983703613,
    2.240556240081787,
    1.9266014099121094,
    1.6480661630630493,
    1.4059518575668335,
    1.1988961696624756,
    1.023324966430664,
    0.8736670017242432,
    0.7480134963989258,
    0.6358997821807861,
    0.5425527095794678,
    0.46506208181381226,
    0.39918047189712524,
    0.3423486053943634,
    0.2966081500053406,
    0.26122042536735535,
    0.22458356618881226,
    0.19438651204109192,
    0.1708916574716568,
    0.15132230520248413,
    0.13547955453395844,
    0.11839480698108673,
    0.10661336779594421,
    0.09628843516111374,
    0.08602603524923325,
    0.07931717485189438,
    0.07098077237606049,
    0.06607162207365036,
    0.06085997074842453,
    0.05581539869308472,
    0.05348530784249306,
    0.04950438067317009,
    0.04735904559493065,
    0.04313238337635994,
    0.043602924793958664,
    0.040264613926410675,
    0.03893342241644859,
    0.03819379210472107,
    0.03608544543385506,
    0.03528401628136635
  ],
  "reconstruction_loss": [
    1.1465510129928589,
    0.9685265421867371,
    0.8281211256980896,
    0.7098497152328491,
    0.6083751916885376,
    0.5222954154014587,
    0.448102742433548,
    0.3853144645690918,
    0.329606831073761,
    0.28118568658828735,
    0.2397712767124176,
    0.20465895533561707,
    0.1747264713048935,
    0.14959849417209625,
    0.12717512249946594,
    0.10850532352924347,
    0.0930074155330658,
    0.07983352243900299,
    0.06846747547388077,
    0.05931965261697769,
    0.05224189534783363,
    0.04491536319255829,
    0.03887587785720825,
    0.03417667746543884,
    0.03026278130710125,
    0.02709379605948925,
    0.023677784949541092,
    0.021321777254343033,
    0.019257022067904472,
    0.017204515635967255,
    0.015862703323364258,
    0.014195234514772892,
    0.013213137164711952,
    0.012171021662652493,
    0.011162353679537773,
    0.010696511715650558,
    0.009900306351482868,
    0.009471246972680092,
    0.008625722490251064,
    0.008719857782125473,
    0.008052302524447441,
    0.007785894442349672,
    0.007638143841177225,
    0.0072166044265031815,
    0.007056422531604767
  ],
  "contrastive_loss": [
    0.00542514817789197,
    0.00024284569371957332,
    0.00017918310186360031,
    0.00015019203419797122,
    0.00012945754860993475,
    8.463792619295418e-05,
    4.245842865202576e-05,
    2.8888114684377797e-05,
    3.211786679457873e-05,
    2.324591150681954e-05,
    3.980093970312737e-05,
    3.030260995728895e-05,
    3.472320531727746e-05,
    2.1137664589332417e-05,
    2.4053668312262744e-05,
    2.607940223242622e-05,
    2.5001007088576443e-05,
    1.285141843254678e-05,
    1.126009738072753e-05,
    9.850574315350968e-06,
    1.099955534300534e-05,
    6.716426469211001e-06,
    7.126785476430086e-06,
    8.271575097751338e-06,
    8.404810614592861e-06,
    1.0570619451755192e-05,
    5.9068534028483555e-06,
    4.475418791116681e-06,
    3.3077647003665334e-06,
    3.463105031187297e-06,
    3.6541027839120943e-06,
    4.606567927112337e-06,
    5.934808996244101e-06,
    4.8546880861977115e-06,
    3.6359488149173558e-06,
    2.7426367523730733e-06,
    2.8452252536226297e-06,
    2.809978468576446e-06,
    3.7667016385967145e-06,
    3.6376472962729167e-06,
    3.104347570115351e-06,
    3.949940037273336e-06,
    3.07886170958227e-06,
    2.430554559396114e-06,
    1.908317699417239e-06
  ],
  "val_loss": [
    5.227105379104614,
    4.937471389770508,
    4.677795886993408,
    4.496015310287476,
    4.32321572303772,
    4.115114212036133,
    3.8500139713287354,
    3.62461256980896,
    3.4225269556045532,
    3.1653555631637573,
    2.8328076601028442,
    2.4801197052001953,
    2.0056651830673218,
    1.6850242018699646,
    1.4046109318733215,
    1.205915629863739,
    1.1270132064819336,
    1.006198227405548,
    0.9289209842681885,
    0.8807424604892731,
    0.7824848592281342,
    0.7560951709747314,
    0.6737632751464844,
    0.6443085968494415,
    0.5856713354587555,
    0.4981915354728699,
    0.4658612757921219,
    0.43072742223739624,
    0.39653582870960236,
    0.3614547550678253,
    0.3574706166982651,
    0.3194624185562134,
    0.33004534244537354,
    0.284458190202713,
    0.29530321061611176,
    0.27653175592422485,
    0.2911391109228134,
    0.26512306928634644,
    0.2706597149372101,
    0.2566751092672348,
    0.250718429684639,
    0.25485797226428986,
    0.2459883838891983,
    0.2436998412013054,
    0.22081492096185684
  ],
  "val_reconstruction_loss": [
    0.983473002910614,
    0.9432572424411774,
    0.9030886590480804,
    0.8729604780673981,
    0.8441081047058105,
    0.8047003448009491,
    0.7504509687423706,
    0.699586421251297,
    0.6597295701503754,
    0.6093997955322266,
    0.5460670292377472,
    0.47650210559368134,
    0.38261228799819946,
    0.3188091814517975,
    0.25905877351760864,
    0.21832159161567688,
    0.1957421749830246,
    0.17352617532014847,
    0.1550048366189003,
    0.14531928300857544,
    0.12542662769556046,
    0.12098376080393791,
    0.1033419519662857,
    0.09829369559884071,
    0.08911003544926643,
    0.07481755688786507,
    0.06783878803253174,
    0.0621657520532608,
    0.05542009323835373,
    0.0469361487776041,
    0.04790784791111946,
    0.0391874685883522,
    0.04242584481835365,
    0.03478267975151539,
    0.035075658932328224,
    0.03170032426714897,
    0.0331890694797039,
    0.029909558594226837,
    0.029483034275472164,
    0.027546172961592674,
    0.026335840113461018,
    0.027468129992485046,
    0.024212862364947796,
    0.02552970591932535,
    0.021473434753715992
  ],
  "val_contrastive_loss": [
    0.30974026024341583,
    0.2211850881576538,
    0.16235244274139404,
    0.13121294230222702,
    0.10267525911331177,
    0.09161248803138733,
    0.09775912389159203,
    0.12668049335479736,
    0.12387916445732117,
    0.11835658550262451,
    0.1024724431335926,
    0.09760912135243416,
    0.09260376915335655,
    0.09097829088568687,
    0.10931702703237534,
    0.114307701587677,
    0.1483023464679718,
    0.13856735825538635,
    0.15389679372310638,
    0.15414603799581528,
    0.15535173565149307,
    0.151176355779171,
    0.15705351531505585,
    0.15284010022878647,
    0.14012115448713303,
    0.12410376965999603,
    0.1266673430800438,
    0.11989866569638252,
    0.1194353774189949,
    0.12677400931715965,
    0.11793138086795807,
    0.12352507933974266,
    0.11791611835360527,
    0.11054478958249092,
    0.11992492526769638,
    0.11803014948964119,
    0.1251937672495842,
    0.11557527631521225,
    0.12324454262852669,
    0.11894424259662628,
    0.11903923749923706,
    0.11751732602715492,
    0.12492407485842705,
    0.1160513199865818,
    0.11344775184988976
  ]
}