{
  "precision": 0.9,
  "recall": 0.6826347305389222,
  "f1": 0.7763904653802497,
  "accuracy": 0.9015984015984015,
  "auc_roc": 0.8981650290358656,
  "auc_pr": 0.8538921384329599,
  "average_precision": 0.8538921384329599,
  "true_positives": 342,
  "true_negatives": 1463,
  "false_positives": 38,
  "false_negatives": 159,
  "mean_normal_error": 0.0027681569606473415,
  "mean_anomaly_error": 0.05012219064592901,
  "std_normal_error": 0.0028974637811904343,
  "std_anomaly_error": 0.0698127800034958,
  "separability": 0.9423407474946667,
  "threshold": 0.010252422534394526,
  "threshold_method": "percentile_97",
  "all_thresholds": {
    "percentile_90": {
      "threshold": 0.006651425732024957,
      "metrics": {
        "precision": 0.7365384615384616,
        "recall": 0.7644710578842315,
        "f1": 0.7502448579823702,
        "accuracy": 0.8726273726273727,
        "auc_roc": 0.8981650290358656,
        "auc_pr": 0.8538921384329599,
        "average_precision": 0.8538921384329599,
        "true_positives": 383,
        "true_negatives": 1364,
        "false_positives": 137,
        "false_negatives": 118,
        "mean_normal_error": 0.0027681569606473415,
        "mean_anomaly_error": 0.05012219064592901,
        "std_normal_error": 0.0028974637811904343,
        "std_anomaly_error": 0.0698127800034958,
        "separability": 0.9423407474946667
      }
    },
    "percentile_95": {
      "threshold": 0.009006467492711041,
      "metrics": {
        "precision": 0.8441247002398081,
        "recall": 0.7025948103792415,
        "f1": 0.7668845315904139,
        "accuracy": 0.8931068931068931,
        "auc_roc": 0.8981650290358656,
        "auc_pr": 0.8538921384329599,
        "average_precision": 0.8538921384329599,
        "true_positives": 352,
        "true_negatives": 1436,
        "false_positives": 65,
        "false_negatives": 149,
        "mean_normal_error": 0.0027681569606473415,
        "mean_anomaly_error": 0.05012219064592901,
        "std_normal_error": 0.0028974637811904343,
        "std_anomaly_error": 0.0698127800034958,
        "separability": 0.9423407474946667
      }
    },
    "percentile_97": {
      "threshold": 0.010252422534394526,
      "metrics": {
        "precision": 0.9,
        "recall": 0.6826347305389222,
        "f1": 0.7763904653802497,
        "accuracy": 0.9015984015984015,
        "auc_roc": 0.8981650290358656,
        "auc_pr": 0.8538921384329599,
        "average_precision": 0.8538921384329599,
        "true_positives": 342,
        "true_negatives": 1463,
        "false_positives": 38,
        "false_negatives": 159,
        "mean_normal_error": 0.0027681569606473415,
        "mean_anomaly_error": 0.05012219064592901,
        "std_normal_error": 0.0028974637811904343,
        "std_anomaly_error": 0.0698127800034958,
        "separability": 0.9423407474946667
      }
    },
    "percentile_99": {
      "threshold": 0.01311664680730167,
      "metrics": {
        "precision": 0.9404761904761905,
        "recall": 0.6307385229540918,
        "f1": 0.7550776583034647,
        "accuracy": 0.8976023976023976,
        "auc_roc": 0.8981650290358656,
        "auc_pr": 0.8538921384329599,
        "average_precision": 0.8538921384329599,
        "true_positives": 316,
        "true_negatives": 1481,
        "false_positives": 20,
        "false_negatives": 185,
        "mean_normal_error": 0.0027681569606473415,
        "mean_anomaly_error": 0.05012219064592901,
        "std_normal_error": 0.0028974637811904343,
        "std_anomaly_error": 0.0698127800034958,
        "separability": 0.9423407474946667
      }
    },
    "percentile_99.5": {
      "threshold": 0.01506540723173871,
      "metrics": {
        "precision": 0.9683544303797469,
        "recall": 0.6107784431137725,
        "f1": 0.7490820073439413,
        "accuracy": 0.8976023976023976,
        "auc_roc": 0.8981650290358656,
        "auc_pr": 0.8538921384329599,
        "average_precision": 0.8538921384329599,
        "true_positives": 306,
        "true_negatives": 1491,
        "false_positives": 10,
        "false_negatives": 195,
        "mean_normal_error": 0.0027681569606473415,
        "mean_anomaly_error": 0.05012219064592901,
        "std_normal_error": 0.0028974637811904343,
        "std_anomaly_error": 0.0698127800034958,
        "separability": 0.9423407474946667
      }
    },
    "std_2": {
      "threshold": 0.008422168762942628,
      "metrics": {
        "precision": 0.8126410835214447,
        "recall": 0.718562874251497,
        "f1": 0.7627118644067796,
        "accuracy": 0.8881118881118881,
        "auc_roc": 0.8981650290358656,
        "auc_pr": 0.8538921384329599,
        "average_precision": 0.8538921384329599,
        "true_positives": 360,
        "true_negatives": 1418,
        "false_positives": 83,
        "false_negatives": 141,
        "mean_normal_error": 0.0027681569606473415,
        "mean_anomaly_error": 0.05012219064592901,
        "std_normal_error": 0.0028974637811904343,
        "std_anomaly_error": 0.0698127800034958,
        "separability": 0.9423407474946667
      }
    },
    "std_3": {
      "threshold": 0.01126722647033305,
      "metrics": {
        "precision": 0.9155313351498637,
        "recall": 0.6706586826347305,
        "f1": 0.7741935483870968,
        "accuracy": 0.9020979020979021,
        "auc_roc": 0.8981650290358656,
        "auc_pr": 0.8538921384329599,
        "average_precision": 0.8538921384329599,
        "true_positives": 336,
        "true_negatives": 1470,
        "false_positives": 31,
        "false_negatives": 165,
        "mean_normal_error": 0.0027681569606473415,
        "mean_anomaly_error": 0.05012219064592901,
        "std_normal_error": 0.0028974637811904343,
        "std_anomaly_error": 0.0698127800034958,
        "separability": 0.9423407474946667
      }
    },
    "std_4": {
      "threshold": 0.014112284177723474,
      "metrics": {
        "precision": 0.9598765432098766,
        "recall": 0.6207584830339321,
        "f1": 0.7539393939393939,
        "accuracy": 0.8986013986013986,
        "auc_roc": 0.8981650290358656,
        "auc_pr": 0.8538921384329599,
        "average_precision": 0.8538921384329599,
        "true_positives": 311,
        "true_negatives": 1488,
        "false_positives": 13,
        "false_negatives": 190,
        "mean_normal_error": 0.0027681569606473415,
        "mean_anomaly_error": 0.05012219064592901,
        "std_normal_error": 0.0028974637811904343,
        "std_anomaly_error": 0.0698127800034958,
        "separability": 0.9423407474946667
      }
    },
    "std_5": {
      "threshold": 0.0169573418851139,
      "metrics": {
        "precision": 0.9828767123287672,
        "recall": 0.5728542914171657,
        "f1": 0.7238335435056746,
        "accuracy": 0.8906093906093906,
        "auc_roc": 0.8981650290358656,
        "auc_pr": 0.8538921384329599,
        "average_precision": 0.8538921384329599,
        "true_positives": 287,
        "true_negatives": 1496,
        "false_positives": 5,
        "false_negatives": 214,
        "mean_normal_error": 0.0027681569606473415,
        "mean_anomaly_error": 0.05012219064592901,
        "std_normal_error": 0.0028974637811904343,
        "std_anomaly_error": 0.0698127800034958,
        "separability": 0.9423407474946667
      }
    },
    "fbeta": {
      "threshold": 0.007139705579191426,
      "metrics": {
        "precision": 0.7529880478087649,
        "recall": 0.7544910179640718,
        "f1": 0.7537387836490529,
        "accuracy": 0.8766233766233766,
        "auc_roc": 0.8981650290358656,
        "auc_pr": 0.8538921384329599,
        "average_precision": 0.8538921384329599,
        "true_positives": 378,
        "true_negatives": 1377,
        "false_positives": 124,
        "false_negatives": 123,
        "mean_normal_error": 0.0027681569606473415,
        "mean_anomaly_error": 0.05012219064592901,
        "std_normal_error": 0.0028974637811904343,