{
  "threshold": 0.010252422534394526,
  "method": "percentile_97",
  "f1_test": 0.7763904653802497
}