{"loss": [0.27340027689933777, 0.07749068737030029, 0.05892620235681534, 0.05885263532400131, 0.059225212782621384, 0.06002195179462433, 0.059647418558597565, 0.0574527345597744, 0.054336078464984894, 0.05376388505101204, 0.05335090681910515, 0.05326805263757706, 0.052818965166807175, 0.052459850907325745, 0.051989831030368805, 0.0519496314227581, 0.05082549527287483, 0.05059210956096649, 0.04992833733558655, 0.051270369440317154, 0.04851749911904335, 0.04816354438662529, 0.04703216254711151, 0.046832356601953506, 0.046299345791339874, 0.04882785305380821, 0.039899781346321106, 0.04081164300441742, 0.04530630260705948, 0.038540247827768326, 0.03736170381307602, 0.03799789771437645, 0.03844138979911804, 0.041457533836364746, 0.029724929481744766, 0.03049330972135067, 0.023478420451283455, 0.024773849174380302, 0.025870898738503456, 0.04932175204157829, 0.08426082879304886, 0.0640784353017807, 0.054405055940151215, 0.04958101734519005, 0.04473314806818962, 0.043970756232738495, 0.036765314638614655, 0.038797248154878616, 0.03473123162984848, 0.038634322583675385, 0.03387124091386795, 0.03231671452522278, 0.030747929587960243, 0.03358609229326248, 0.030327273532748222, 0.03181222453713417, 0.02585621178150177, 0.01748175173997879, 0.012720952741801739, 0.010594905354082584, 0.008753360249102116, 0.008631759323179722, 0.008808977901935577, 0.008462292142212391, 0.008421159349381924, 0.007998136803507805, 0.006208255421370268, 0.006843330338597298, 0.005764201283454895, 0.0065484000369906425, 0.007533868309110403, 0.006743182893842459, 0.006372248753905296, 0.007115460466593504, 0.005288067739456892, 0.007280304096639156, 0.005747722461819649, 0.007162099238485098, 0.007423538714647293, 0.0072194417007267475, 0.0036251265555620193, 0.004155533853918314, 0.0048996577970683575, 0.0072146086022257805, 0.006405144464224577, 0.006864507216960192, 0.006090646144002676, 0.00500743743032217, 0.006644693203270435, 0.0056349411606788635, 0.006402922328561544, 0.007185943424701691, 0.005519351921975613, 0.007266789674758911, 0.0072332387790083885, 0.005382631905376911, 0.0067072054371237755, 0.005413630977272987, 0.0048688724637031555, 0.005924570839852095], "val_loss": [0.141819566488266, 0.06129585951566696, 0.05730465054512024, 0.05875276029109955, 0.057965025305747986, 0.056299008429050446, 0.05399680882692337, 0.05757636949419975, 0.053505927324295044, 0.053576670587062836, 0.05315340682864189, 0.05248519405722618, 0.05209396779537201, 0.05260179936885834, 0.05197003111243248, 0.05017869919538498, 0.05167783424258232, 0.05004998296499252, 0.05171491578221321, 0.049636393785476685, 0.050224024802446365, 0.048672549426555634, 0.0504237525165081, 0.049860648810863495, 0.05285746231675148, 0.038177888840436935, 0.03879901021718979, 0.046934571117162704, 0.03880847990512848, 0.040905460715293884, 0.03284112364053726, 0.029695797711610794, 0.042009711265563965, 0.028643419966101646, 0.025025315582752228, 0.02579539455473423, 0.023450620472431183, 0.017770778387784958, 0.018092196434736252, 0.17269212007522583, 0.09713741391897202, 0.06454045325517654, 0.036696359515190125, 0.05117533355951309, 0.034105949103832245, 0.0381956622004509, 0.02151314914226532, 0.047378357499837875, 0.022060928866267204, 0.036784395575523376, 0.021084943786263466, 0.0435829684138298, 0.016267629340291023, 0.03533070906996727, 0.019767336547374725, 0.034952424466609955, 0.013035029172897339, 0.017809556797146797, 0.013393661938607693, 0.00866999663412571, 0.009089965373277664, 0.009756583720445633, 0.009042481891810894, 0.009122327901422977, 0.006840902380645275, 0.006118451710790396, 0.006761959288269281, 0.005577738396823406, 0.006965162698179483, 0.010058988817036152, 0.007723677903413773, 0.00785079039633274, 0.010745648294687271, 0.00485914945602417, 0.009259547106921673, 0.006110394839197397, 0.009362459182739258, 0.008712776005268097, 0.007876165211200714, 0.004083021078258753, 0.003838915377855301, 0.0037372270599007607, 0.006701333913952112, 0.003034866414964199, 0.006603528745472431, 0.004451231099665165, 0.00296204281039536, 0.006969565059989691, 0.00962252076715231, 0.002772977575659752, 0.011629819869995117, 0.003195487428456545, 0.004247863776981831, 0.006509481929242611, 0.003973404411226511, 0.0037151952274143696, 0.004299652297049761, 0.0029277694411575794, 0.002731028711423278, 0.0039088367484509945]}