{
  "loss": [
    5.564302921295166,
    4.828146934509277,
    3.6435201168060303,
    2.3509163856506348,
    1.4363967180252075,
    0.9408028721809387,
    0.6940793991088867,
    0.5470753908157349,
    0.5369864702224731,
    0.5769857168197632,
    0.46402090787887573,
    0.40794798731803894,
    0.3890308141708374,
    0.3795791268348694,
    0.367573618888855,
    0.34024062752723694,
    0.3370518088340759,
    0.30554893612861633,
    0.31083378195762634,
    0.42390501499176025,
    0.2534531354904175,
    0.16985835134983063,
    0.14376135170459747,
    0.10020057111978531,
    0.082856684923172,
    0.07643134146928787,
    0.06950022280216217,
    0.07648342102766037,
    0.07113395631313324,
    0.09166307002305984,
    0.06833808124065399,
    0.09488971531391144,
    0.06627871096134186,
    0.0696883276104927,
    0.0593101792037487,
    0.05823330581188202,
    0.0991508811712265,
    0.06868398189544678
  ],
  "reconstruction_loss": [
    0.993331789970398,
    0.9335839152336121,
    0.7084640860557556,
    0.4557742774486542,
    0.27753502130508423,
    0.18124334514141083,
    0.13470345735549927,
    0.10621985793113708,
    0.10474690049886703,
    0.11339537054300308,
    0.0908474549651146,
    0.08013257384300232,
    0.07648489624261856,
    0.07474037259817123,
    0.07257163524627686,
    0.06705707311630249,
    0.06636308878660202,
    0.05967102572321892,
    0.060277216136455536,
    0.08341865241527557,
    0.050178416073322296,
    0.033188361674547195,
    0.02817683480679989,
    0.01969761960208416,
    0.016408806666731834,
    0.01516338624060154,
    0.013796578161418438,
    0.015218203887343407,
    0.014164285734295845,
    0.01826733537018299,
    0.013630444183945656,
    0.018927935510873795,
    0.013215851038694382,
    0.013903469778597355,
    0.011828933842480183,
    0.011615798808634281,
    0.019796259701251984,
    0.013713591732084751
  ],
  "contrastive_loss": [
    0.5976439714431763,
    0.160226970911026,
    0.10119931399822235,
    0.07204502075910568,
    0.04872153699398041,
    0.03458612784743309,
    0.020562011748552322,
    0.015976112335920334,
    0.013252010568976402,
    0.010008909739553928,
    0.009783625602722168,
    0.0072850678116083145,
    0.006606326438486576,
    0.005877319257706404,
    0.004715464077889919,
    0.004955233074724674,
    0.005236371420323849,
    0.007193768862634897,
    0.009447700344026089,
    0.00681176595389843,
    0.002561079803854227,
    0.003916569985449314,
    0.0028771678917109966,
    0.0017124757869169116,
    0.0008126593893393874,
    0.0006144021754153073,
    0.0005173265235498548,
    0.0003924043558072299,
    0.00031252639018930495,
    0.00032640021527186036,
    0.00018586611258797348,
    0.0002500166301615536,
    0.00019944511586800218,
    0.00017098028911277652,
    0.00016550259897485375,
    0.00015431868087034672,
    0.000169582839589566,
    0.00011602090671658516
  ],
  "val_loss": [
    5.603029727935791,
    4.900310039520264,
    3.3858630657196045,
    2.3840380907058716,
    1.7097930908203125,
    1.4423062801361084,
    1.286635160446167,
    1.160132646560669,
    1.271010160446167,
    1.189959168434143,
    1.0406425595283508,
    1.02592134475708,
    1.005006492137909,
    0.9798234403133392,
    0.9725638031959534,
    0.9281647801399231,
    0.8661606907844543,
    0.7756095230579376,
    1.1205499768257141,
    0.6535874605178833,
    0.6893731355667114,
    0.6127206385135651,
    0.5318265855312347,
    0.4823223352432251,
    0.4600522220134735,
    0.4547234922647476,
    0.46130967140197754,
    0.4356081634759903,
    0.478739470243454,
    0.44701406359672546,
    0.45342275500297546,
    0.4346068352460861,
    0.40872980654239655,
    0.3831081688404083,
    0.40542927384376526,
    0.4427199214696884,
    0.44126760959625244,
    0.37910619378089905
  ],
  "val_reconstruction_loss": [
    0.9823446869850159,
    0.8416436612606049,
    0.538569837808609,
    0.33836033940315247,
    0.20378504693508148,
    0.15096628665924072,
    0.12293149158358574,
    0.09964067116379738,
    0.12504341080784798,
    0.10829874873161316,
    0.07995524257421494,
    0.07901110127568245,
    0.07452432438731194,
    0.07025761902332306,
    0.06948678940534592,
    0.0647067129611969,
    0.05960826575756073,
    0.047935253009200096,
    0.12370014563202858,
    0.036294493824243546,
    0.049580859020352364,
    0.032886309549212456,
    0.026237000711262226,
    0.01726785209029913,
    0.014720102306455374,
    0.014283173717558384,
    0.014480226207524538,
    0.012966247275471687,
    0.02317928895354271,
    0.013863605447113514,
    0.01777012925595045,
    0.014108052011579275,
    0.011328201740980148,
    0.011170628946274519,
    0.011377524118870497,
    0.020937814377248287,
    0.01816671621054411,
    0.010789357125759125
  ],
  "val_contrastive_loss": [
    0.6913062632083893,
    0.6920920610427856,
    0.6930138468742371,
    0.692236453294754,
    0.6908678412437439,
    0.6874748766422272,
    0.671977698802948,
    0.6619292497634888,
    0.6457931101322174,
    0.6484654247760773,
    0.6408663094043732,
    0.6308657824993134,
    0.6323848366737366,
    0.6285353600978851,
    0.6251298785209656,
    0.6046312153339386,
    0.5681193470954895,
    0.535933256149292,
    0.5020491927862167,
    0.47211499512195587,
    0.44146884977817535,
    0.44828908145427704,
    0.4006415605545044,
    0.3959830701351166,
    0.38645170629024506,
    0.383307620882988,
    0.3889085501432419,
    0.3707769215106964,
    0.36284302175045013,
    0.37769603729248047,
    0.36457210779190063,
    0.36406657099723816,
    0.3520888090133667,
    0.3272550106048584,
    0.34854166209697723,
    0.3380308449268341,
    0.3504340201616287,
    0.3251594007015228
  ]
}