{
  "precision": 0.7985257985257985,
  "recall": 0.6487025948103793,
  "f1": 0.7158590308370044,
  "accuracy": 0.8711288711288712,
  "auc_roc": 0.8022210076848303,
  "auc_pr": 0.7769429687012124,
  "average_precision": 0.7769429687012124,
  "true_positives": 325,
  "true_negatives": 1419,
  "false_positives": 82,
  "false_negatives": 176,
  "mean_normal_error": 0.013161598305814263,
  "mean_anomaly_error": 0.11290012357937375,
  "std_normal_error": 0.009904381036419874,
  "std_anomaly_error": 0.11869244705864533,
  "separability": 0.0,
  "threshold": 1.0683832168579102,
  "threshold_method": "knn_p95_k1",
  "all_thresholds": {
    "knn_p95_k1": {
      "threshold": 1.0683832168579102,
      "metrics": {
        "precision": 0.7985257985257985,
        "recall": 0.6487025948103793,
        "f1": 0.7158590308370044,
        "accuracy": 0.8711288711288712,
        "auc_roc": 0.8022210076848303,
        "auc_pr": 0.7769429687012124,
        "average_precision": 0.7769429687012124,
        "true_positives": 325,
        "true_negatives": 1419,
        "false_positives": 82,
        "false_negatives": 176,
        "mean_normal_error": 0.013161598305814263,
        "mean_anomaly_error": 0.11290012357937375,
        "std_normal_error": 0.009904381036419874,
        "std_anomaly_error": 0.11869244705864533,
        "separability": 0.0
      }
    }
  }
}