{
  "threshold": 1.0683832168579102,
  "method": "knn_p95_k1",
  "f1_test": 0.7158590308370044
}