{
  "precision": 0.9315789473684211,
  "recall": 0.7065868263473054,
  "f1": 0.8036322360953462,
  "accuracy": 0.9135864135864136,
  "auc_roc": 0.9129828284802813,
  "auc_pr": 0.8758953123255695,
  "average_precision": 0.8758953123255695,
  "true_positives": 354,
  "true_negatives": 1475,
  "false_positives": 26,
  "false_negatives": 147,
  "mean_normal_error": 0.002623191417635724,
  "mean_anomaly_error": 0.06024413348548787,
  "std_normal_error": 0.002152406329625063,
  "std_anomaly_error": 0.09754303602727382,
  "separability": 0.9639905344550531,
  "threshold": 0.009472952285696048,
  "threshold_method": "percentile_99",
  "all_thresholds": {
    "percentile_90": {
      "threshold": 0.005207500757060985,
      "metrics": {
        "precision": 0.7269439421338155,
        "recall": 0.8023952095808383,
        "f1": 0.7628083491461101,
        "accuracy": 0.8751248751248751,
        "auc_roc": 0.9129828284802813,
        "auc_pr": 0.8758953123255695,
        "average_precision": 0.8758953123255695,
        "true_positives": 402,
        "true_negatives": 1350,
        "false_positives": 151,
        "false_negatives": 99,
        "mean_normal_error": 0.002623191417635724,
        "mean_anomaly_error": 0.06024413348548787,
        "std_normal_error": 0.002152406329625063,
        "std_anomaly_error": 0.09754303602727382,
        "separability": 0.9639905344550531
      }
    },
    "percentile_95": {
      "threshold": 0.007047813988047316,
      "metrics": {
        "precision": 0.8344519015659956,
        "recall": 0.7445109780439122,
        "f1": 0.7869198312236287,
        "accuracy": 0.8991008991008991,
        "auc_roc": 0.9129828284802813,
        "auc_pr": 0.8758953123255695,
        "average_precision": 0.8758953123255695,
        "true_positives": 373,
        "true_negatives": 1427,
        "false_positives": 74,
        "false_negatives": 128,
        "mean_normal_error": 0.002623191417635724,
        "mean_anomaly_error": 0.06024413348548787,
        "std_normal_error": 0.002152406329625063,
        "std_anomaly_error": 0.09754303602727382,
        "separability": 0.9639905344550531
      }
    },
    "percentile_97": {
      "threshold": 0.007975803790297564,
      "metrics": {
        "precision": 0.8943488943488943,
        "recall": 0.7265469061876247,
        "f1": 0.801762114537445,
        "accuracy": 0.9100899100899101,
        "auc_roc": 0.9129828284802813,
        "auc_pr": 0.8758953123255695,
        "average_precision": 0.8758953123255695,
        "true_positives": 364,
        "true_negatives": 1458,
        "false_positives": 43,
        "false_negatives": 137,
        "mean_normal_error": 0.002623191417635724,
        "mean_anomaly_error": 0.06024413348548787,
        "std_normal_error": 0.002152406329625063,
        "std_anomaly_error": 0.09754303602727382,
        "separability": 0.9639905344550531
      }
    },
    "percentile_99": {
      "threshold": 0.009472952285696048,
      "metrics": {
        "precision": 0.9315789473684211,
        "recall": 0.7065868263473054,
        "f1": 0.8036322360953462,
        "accuracy": 0.9135864135864136,
        "auc_roc": 0.9129828284802813,
        "auc_pr": 0.8758953123255695,
        "average_precision": 0.8758953123255695,
        "true_positives": 354,
        "true_negatives": 1475,
        "false_positives": 26,
        "false_negatives": 147,
        "mean_normal_error": 0.002623191417635724,
        "mean_anomaly_error": 0.06024413348548787,
        "std_normal_error": 0.002152406329625063,
        "std_anomaly_error": 0.09754303602727382,
        "separability": 0.9639905344550531
      }
    },
    "percentile_99.5": {
      "threshold": 0.010884679525043212,
      "metrics": {
        "precision": 0.9597701149425287,
        "recall": 0.6666666666666666,
        "f1": 0.7868080094228505,
        "accuracy": 0.9095904095904096,
        "auc_roc": 0.9129828284802813,
        "auc_pr": 0.8758953123255695,
        "average_precision": 0.8758953123255695,
        "true_positives": 334,
        "true_negatives": 1487,
        "false_positives": 14,
        "false_negatives": 167,
        "mean_normal_error": 0.002623191417635724,
        "mean_anomaly_error": 0.06024413348548787,
        "std_normal_error": 0.002152406329625063,
        "std_anomaly_error": 0.09754303602727382,
        "separability": 0.9639905344550531
      }
    },
    "std_2": {
      "threshold": 0.006677763747261312,
      "metrics": {
        "precision": 0.8199566160520607,
        "recall": 0.7544910179640718,
        "f1": 0.7858627858627859,
        "accuracy": 0.8971028971028971,
        "auc_roc": 0.9129828284802813,
        "auc_pr": 0.8758953123255695,
        "average_precision": 0.8758953123255695,
        "true_positives": 378,
        "true_negatives": 1418,
        "false_positives": 83,
        "false_negatives": 123,
        "mean_normal_error": 0.002623191417635724,
        "mean_anomaly_error": 0.06024413348548787,
        "std_normal_error": 0.002152406329625063,
        "std_anomaly_error": 0.09754303602727382,
        "separability": 0.9639905344550531
      }
    },
    "std_3": {
      "threshold": 0.00872485794807257,
      "metrics": {
        "precision": 0.9125964010282777,
        "recall": 0.7085828343313373,
        "f1": 0.797752808988764,
        "accuracy": 0.9100899100899101,
        "auc_roc": 0.9129828284802813,
        "auc_pr": 0.8758953123255695,
        "average_precision": 0.8758953123255695,
        "true_positives": 355,
        "true_negatives": 1467,
        "false_positives": 34,
        "false_negatives": 146,
        "mean_normal_error": 0.002623191417635724,
        "mean_anomaly_error": 0.06024413348548787,
        "std_normal_error": 0.002152406329625063,
        "std_anomaly_error": 0.09754303602727382,
        "separability": 0.9639905344550531
      }
    },
    "std_4": {
      "threshold": 0.010771952148883827,
      "metrics": {
        "precision": 0.9598853868194842,
        "recall": 0.6686626746506986,
        "f1": 0.788235294117647,
        "accuracy": 0.9100899100899101,
        "auc_roc": 0.9129828284802813,
        "auc_pr": 0.8758953123255695,
        "average_precision": 0.8758953123255695,
        "true_positives": 335,
        "true_negatives": 1487,
        "false_positives": 14,
        "false_negatives": 166,
        "mean_normal_error": 0.002623191417635724,
        "mean_anomaly_error": 0.06024413348548787,
        "std_normal_error": 0.002152406329625063,
        "std_anomaly_error": 0.09754303602727382,
        "separability": 0.9639905344550531
      }
    },
    "std_5": {
      "threshold": 0.012819046349695084,
      "metrics": {
        "precision": 0.978328173374613,
        "recall": 0.6307385229540918,
        "f1": 0.7669902912621359,
        "accuracy": 0.9040959040959041,
        "auc_roc": 0.9129828284802813,
        "auc_pr": 0.8758953123255695,
        "average_precision": 0.8758953123255695,
        "true_positives": 316,
        "true_negatives": 1494,
        "false_positives": 7,
        "false_negatives": 185,
        "mean_normal_error": 0.002623191417635724,
        "mean_anomaly_error": 0.06024413348548787,
        "std_normal_error": 0.002152406329625063,
        "std_anomaly_error": 0.09754303602727382,
        "separability": 0.9639905344550531
      }
    },
    "f1": {
      "threshold": 0.0058327271761324075,
      "metrics": {
        "precision": 0.780439121756487,
        "recall": 0.780439121756487,
        "f1": 0.780439121756487,
        "accuracy": 0.8901098901098901,
        "auc_roc": 0.9129828284802813,
        "auc_pr": 0.8758953123255695,
        "average_precision": 0.8758953123255695,
        "true_positives": 391,
        "true_negatives": 1391,
        "false_positives": 110,
        "false_negatives": 110,
        "mean_normal_error": 0.002623191417635724,
        "mean_anomaly_error": 0.06024413348548787,
        "std_normal_error": 0.002152406329625063,