{
  "threshold": 0.009472952285696048,
  "method": "percentile_99",
  "f1_test": 0.8036322360953462
}