{"loss": [0.28873756527900696, 0.09831682592630386, 0.048050086945295334, 0.02905099280178547, 0.02381615899503231, 0.02271123416721821, 0.02157547138631344, 0.02117270417511463, 0.020504407584667206, 0.0203967597335577, 0.019495215266942978, 0.018867742270231247, 0.01837291568517685, 0.018097219988703728, 0.017741339281201363, 0.0174555703997612, 0.0172335896641016, 0.0172065831720829, 0.016952315345406532, 0.01665540784597397, 0.016600996255874634, 0.01665271446108818, 0.016487112268805504, 0.016363060101866722, 0.01641300693154335, 0.016304438933730125, 0.016439000144600868, 0.016382068395614624, 0.016384495422244072, 0.016262365505099297, 0.016241014003753662, 0.016315806657075882, 0.016332877799868584, 0.016300596296787262, 0.016337743028998375, 0.016291044652462006, 0.016368664801120758, 0.016330236569046974, 0.01642099767923355, 0.01631026156246662, 0.016204530373215675, 0.016318125650286674, 0.01635497435927391, 0.016323916614055634], "val_loss": [0.13011376559734344, 0.04397939145565033, 0.01459568738937378, 0.00812917947769165, 0.00560035090893507, 0.004780770745128393, 0.004196395631879568, 0.003995752427726984, 0.0041315327398478985, 0.0034774611704051495, 0.0032989864703267813, 0.003243103390559554, 0.0030374755151569843, 0.003222730476409197, 0.003100161673501134, 0.0028533553704619408, 0.0029043371323496103, 0.002719445852562785, 0.0026600488927215338, 0.002669217297807336, 0.002680381527170539, 0.0027211608830839396, 0.0026139989495277405, 0.0025836003478616476, 0.002599169034510851, 0.0026324945501983166, 0.002619784325361252, 0.0026273452676832676, 0.0026302391197532415, 0.002630487782880664, 0.0026308102533221245, 0.0026300677563995123, 0.0026314686983823776, 0.0026331364642828703, 0.002633429830893874, 0.0026332223787903786, 0.0026332256384193897, 0.0026342039927840233, 0.0026330091059207916, 0.0026322416961193085, 0.0026310652028769255, 0.0026320614852011204, 0.0026318118907511234, 0.0026320673059672117]}