{
  "precision": 0.9494047619047619,
  "recall": 0.6367265469061876,
  "f1": 0.7622461170848268,
  "accuracy": 0.9005994005994006,
  "auc_roc": 0.8490786581400822,
  "auc_pr": 0.8202919149076955,
  "average_precision": 0.8202919149076955,
  "true_positives": 319,
  "true_negatives": 1484,
  "false_positives": 17,
  "false_negatives": 182,
  "mean_normal_error": 0.014929961627602179,
  "mean_anomaly_error": 0.2081431131913194,
  "std_normal_error": 0.006153880480621853,
  "std_anomaly_error": 0.2314336895154428,
  "separability": 0.9691329081969118,
  "threshold": 0.04166167474119388,
  "threshold_method": "std_5",
  "all_thresholds": {
    "percentile_90": {
      "threshold": 0.020468899496976244,
      "metrics": {
        "precision": 0.6813996316758748,
        "recall": 0.7385229540918163,
        "f1": 0.7088122605363985,
        "accuracy": 0.8481518481518482,
        "auc_roc": 0.8490786581400822,
        "auc_pr": 0.8202919149076955,
        "average_precision": 0.8202919149076955,
        "true_positives": 370,
        "true_negatives": 1328,
        "false_positives": 173,
        "false_negatives": 131,
        "mean_normal_error": 0.014929961627602179,
        "mean_anomaly_error": 0.2081431131913194,
        "std_normal_error": 0.006153880480621853,
        "std_anomaly_error": 0.2314336895154428,
        "separability": 0.9691329081969118
      }
    },
    "percentile_95": {
      "threshold": 0.02405459228752791,
      "metrics": {
        "precision": 0.7789934354485777,
        "recall": 0.7105788423153693,
        "f1": 0.7432150313152401,
        "accuracy": 0.8771228771228772,
        "auc_roc": 0.8490786581400822,
        "auc_pr": 0.8202919149076955,
        "average_precision": 0.8202919149076955,
        "true_positives": 356,
        "true_negatives": 1400,
        "false_positives": 101,
        "false_negatives": 145,
        "mean_normal_error": 0.014929961627602179,
        "mean_anomaly_error": 0.2081431131913194,
        "std_normal_error": 0.006153880480621853,
        "std_anomaly_error": 0.2314336895154428,
        "separability": 0.9691329081969118
      }
    },
    "percentile_97": {
      "threshold": 0.028670332485169522,
      "metrics": {
        "precision": 0.850253807106599,
        "recall": 0.6686626746506986,
        "f1": 0.7486033519553073,
        "accuracy": 0.8876123876123876,
        "auc_roc": 0.8490786581400822,
        "auc_pr": 0.8202919149076955,
        "average_precision": 0.8202919149076955,
        "true_positives": 335,
        "true_negatives": 1442,
        "false_positives": 59,
        "false_negatives": 166,
        "mean_normal_error": 0.014929961627602179,
        "mean_anomaly_error": 0.2081431131913194,
        "std_normal_error": 0.006153880480621853,
        "std_anomaly_error": 0.2314336895154428,
        "separability": 0.9691329081969118
      }
    },
    "percentile_99": {
      "threshold": 0.03920127940178624,
      "metrics": {
        "precision": 0.9411764705882353,
        "recall": 0.6387225548902196,
        "f1": 0.760998810939358,
        "accuracy": 0.8996003996003996,
        "auc_roc": 0.8490786581400822,
        "auc_pr": 0.8202919149076955,
        "average_precision": 0.8202919149076955,
        "true_positives": 320,
        "true_negatives": 1481,
        "false_positives": 20,
        "false_negatives": 181,
        "mean_normal_error": 0.014929961627602179,
        "mean_anomaly_error": 0.2081431131913194,
        "std_normal_error": 0.006153880480621853,
        "std_anomaly_error": 0.2314336895154428,
        "separability": 0.9691329081969118
      }
    },
    "percentile_99.5": {
      "threshold": 0.04208440518013302,
      "metrics": {
        "precision": 0.9491017964071856,
        "recall": 0.6327345309381237,
        "f1": 0.7592814371257485,
        "accuracy": 0.8996003996003996,
        "auc_roc": 0.8490786581400822,
        "auc_pr": 0.8202919149076955,
        "average_precision": 0.8202919149076955,
        "true_positives": 317,
        "true_negatives": 1484,
        "false_positives": 17,
        "false_negatives": 184,
        "mean_normal_error": 0.014929961627602179,
        "mean_anomaly_error": 0.2081431131913194,
        "std_normal_error": 0.006153880480621853,
        "std_anomaly_error": 0.2314336895154428,
        "separability": 0.9691329081969118
      }
    },
    "std_2": {
      "threshold": 0.025526435169608556,
      "metrics": {
        "precision": 0.7968036529680366,
        "recall": 0.6966067864271457,
        "f1": 0.7433439829605963,
        "accuracy": 0.8796203796203796,
        "auc_roc": 0.8490786581400822,
        "auc_pr": 0.8202919149076955,
        "average_precision": 0.8202919149076955,
        "true_positives": 349,
        "true_negatives": 1412,
        "false_positives": 89,
        "false_negatives": 152,
        "mean_normal_error": 0.014929961627602179,
        "mean_anomaly_error": 0.2081431131913194,
        "std_normal_error": 0.006153880480621853,
        "std_anomaly_error": 0.2314336895154428,
        "separability": 0.9691329081969118
      }
    },
    "std_3": {
      "threshold": 0.030904848360136995,
      "metrics": {
        "precision": 0.8763157894736842,
        "recall": 0.6646706586826348,
        "f1": 0.7559591373439274,
        "accuracy": 0.8926073926073926,
        "auc_roc": 0.8490786581400822,
        "auc_pr": 0.8202919149076955,
        "average_precision": 0.8202919149076955,
        "true_positives": 333,
        "true_negatives": 1454,
        "false_positives": 47,
        "false_negatives": 168,
        "mean_normal_error": 0.014929961627602179,
        "mean_anomaly_error": 0.2081431131913194,
        "std_normal_error": 0.006153880480621853,
        "std_anomaly_error": 0.2314336895154428,
        "separability": 0.9691329081969118
      }
    },
    "std_4": {
      "threshold": 0.03628326155066544,
      "metrics": {
        "precision": 0.9147727272727273,
        "recall": 0.6427145708582834,
        "f1": 0.7549824150058617,
        "accuracy": 0.8956043956043956,
        "auc_roc": 0.8490786581400822,
        "auc_pr": 0.8202919149076955,
        "average_precision": 0.8202919149076955,
        "true_positives": 322,
        "true_negatives": 1471,
        "false_positives": 30,
        "false_negatives": 179,
        "mean_normal_error": 0.014929961627602179,
        "mean_anomaly_error": 0.2081431131913194,
        "std_normal_error": 0.006153880480621853,
        "std_anomaly_error": 0.2314336895154428,
        "separability": 0.9691329081969118
      }
    },
    "std_5": {
      "threshold": 0.04166167474119388,
      "metrics": {
        "precision": 0.9494047619047619,
        "recall": 0.6367265469061876,
        "f1": 0.7622461170848268,
        "accuracy": 0.9005994005994006,
        "auc_roc": 0.8490786581400822,
        "auc_pr": 0.8202919149076955,
        "average_precision": 0.8202919149076955,
        "true_positives": 319,
        "true_negatives": 1484,
        "false_positives": 17,
        "false_negatives": 182,
        "mean_normal_error": 0.014929961627602179,
        "mean_anomaly_error": 0.2081431131913194,
        "std_normal_error": 0.006153880480621853,
        "std_anomaly_error": 0.2314336895154428,
        "separability": 0.9691329081969118
      }
    },
    "f1": {
      "threshold": 0.023403713191884504,
      "metrics": {
        "precision": 0.7649572649572649,
        "recall": 0.7145708582834331,
        "f1": 0.7389060887512899,
        "accuracy": 0.8736263736263736,
        "auc_roc": 0.8490786581400822,
        "auc_pr": 0.8202919149076955,
        "average_precision": 0.8202919149076955,
        "true_positives": 358,
        "true_negatives": 1391,
        "false_positives": 110,
        "false_negatives": 143,
        "mean_normal_error": 0.014929961627602179,
        "mean_anomaly_error": 0.2081431131913194,
        "std_normal_error": 0.006153880480621853,
        "std_anomaly_error": 0.2314336895154428,