{
  "threshold": 0.04166167474119388,
  "method": "std_5",
  "f1_test": 0.7622461170848268
}