{"loss": [0.06403011828660965, 0.06001218408346176, 0.05659467726945877, 0.053175393491983414, 0.05051722377538681, 0.04817816615104675, 0.04605292156338692, 0.044029608368873596, 0.04225635901093483, 0.040589820593595505, 0.039001207798719406, 0.03774838149547577, 0.03681519627571106, 0.03593335673213005, 0.03470167890191078, 0.03411544859409332, 0.03319905698299408, 0.032289739698171616, 0.031648144125938416, 0.030834350734949112, 0.030377818271517754], "val_loss": [0.014768457971513271, 0.02601497620344162, 0.036414068192243576, 0.04688042402267456, 0.05303435027599335, 0.05750896781682968, 0.06071730703115463, 0.06079857423901558, 0.05922308564186096, 0.05558044835925102, 0.05479614809155464, 0.048092372715473175, 0.04635903984308243, 0.040697481483221054, 0.03513101488351822, 0.031237240880727768, 0.02748589962720871, 0.022993765771389008, 0.0209964606910944, 0.019623182713985443, 0.0173969604074955]}