{
  "precision": 0.8858800773694391,
  "recall": 0.9141716566866267,
  "f1": 0.899803536345776,
  "accuracy": 0.949050949050949,
  "auc_roc": 0.9906542677469843,
  "auc_pr": 0.9762604625338811,
  "average_precision": 0.9762604625338811,
  "true_positives": 458,
  "true_negatives": 1442,
  "false_positives": 59,
  "false_negatives": 43,
  "mean_normal_error": 0.011393737880144444,
  "mean_anomaly_error": 0.2715921286412369,
  "std_normal_error": 0.011532268350380527,
  "std_anomaly_error": 0.27656254960009746,
  "separability": 0.0,
  "threshold": 0.04375553876161575,
  "threshold_method": "knn_p95_k1",
  "all_thresholds": {
    "knn_p95_k1": {
      "threshold": 0.04375553876161575,
      "metrics": {
        "precision": 0.8858800773694391,
        "recall": 0.9141716566866267,
        "f1": 0.899803536345776,
        "accuracy": 0.949050949050949,
        "auc_roc": 0.9906542677469843,
        "auc_pr": 0.9762604625338811,
        "average_precision": 0.9762604625338811,
        "true_positives": 458,
        "true_negatives": 1442,
        "false_positives": 59,
        "false_negatives": 43,
        "mean_normal_error": 0.011393737880144444,
        "mean_anomaly_error": 0.2715921286412369,
        "std_normal_error": 0.011532268350380527,
        "std_anomaly_error": 0.27656254960009746,
        "separability": 0.0
      }
    }
  }
}