{
  "threshold": 0.04375553876161575,
  "method": "knn_p95_k1",
  "f1_test": 0.899803536345776
}