{"loss": [5.2533440589904785, 1.7537375688552856, 0.9007259607315063, 0.627076268196106, 0.51275634765625, 0.44267573952674866, 0.3982636034488678, 0.3578130006790161, 0.3261573910713196, 0.30255043506622314, 0.2766156494617462, 0.25662490725517273, 0.2398102581501007, 0.23217210173606873, 0.21574752032756805, 0.20131677389144897, 0.19618862867355347, 0.19056138396263123, 0.18178394436836243, 0.172058567404747, 0.16684989631175995, 0.15938936173915863, 0.15012989938259125, 0.14354604482650757, 0.14191412925720215, 0.14521929621696472, 0.13280107080936432, 0.13238662481307983, 0.126445472240448, 0.12191423773765564, 0.12233027070760727, 0.11870776861906052, 0.11270163953304291, 0.11443233489990234, 0.10758872330188751, 0.10982444882392883, 0.1049238070845604, 0.10539872199296951, 0.1077488362789154, 0.10056006163358688, 0.09423254430294037, 0.0931614339351654, 0.09036806225776672, 0.09511946886777878, 0.09401499480009079, 0.08674664050340652, 0.08594498038291931, 0.08445730805397034], "reconstruction_loss": [1.0377569198608398, 0.3488609492778778, 0.17914853990077972, 0.12484560161828995, 0.10220592468976974, 0.08828946202993393, 0.07945304363965988, 0.07140136510133743, 0.06507134437561035, 0.06037737429141998, 0.05519593507051468, 0.05122814327478409, 0.047872740775346756, 0.04634508118033409, 0.04306838661432266, 0.040190454572439194, 0.03916682302951813, 0.038044657558202744, 0.036301515996456146, 0.034351564943790436, 0.03330744430422783, 0.031812768429517746, 0.029985632747411728, 0.028623711317777634, 0.028339460492134094, 0.029003478586673737, 0.02652589976787567, 0.026435216888785362, 0.02525305561721325, 0.024348696693778038, 0.024434123188257217, 0.023714380338788033, 0.022516023367643356, 0.022858107462525368, 0.02148601971566677, 0.021943140774965286, 0.02095775492489338, 0.021053871139883995, 0.021525265648961067, 0.020089173689484596, 0.018825294449925423, 0.018611662089824677, 0.018056459724903107, 0.019003689289093018, 0.01878536120057106, 0.017330506816506386, 0.01716790348291397, 0.01687307469546795], "contrastive_loss": [0.06456035375595093, 0.009432774968445301, 0.0049833315424621105, 0.002848112490028143, 0.0017267040675505996, 0.001228510751388967, 0.0009983463678508997, 0.0008061907137744129, 0.0008007115684449673, 0.0006636715261265635, 0.0006359798135235906, 0.0004841784539166838, 0.0004465500242076814, 0.0004467032558750361, 0.0004056012548971921, 0.0003645551623776555, 0.0003545242070686072, 0.00033810586319305, 0.00027634360594674945, 0.0003007754567079246, 0.000312670657876879, 0.00032551269396208227, 0.0002017451188294217, 0.000427485239924863, 0.0002168144128518179, 0.00020188586495351046, 0.00017155666137114167, 0.00021051069779787213, 0.00018019505660049617, 0.00017074032803066075, 0.0001596446381881833, 0.00013588623551186174, 0.00012156379671068862, 0.0001417630264768377, 0.00015861904830671847, 0.00010875849693547934, 0.00013502627552952617, 0.0001293788373004645, 0.00012249649444129318, 0.00011419490328989923, 0.00010607946751406416, 0.00010311631194781512, 8.576722029829398e-05, 0.00010101808584295213, 8.816927584121004e-05, 9.410337952431291e-05, 0.00010548717546043918, 9.190567652694881e-05], "val_loss": [4.188660361550071, 2.2968849702314897, 1.1108420545404607, 0.5532884110103954, 0.3620057539506392, 0.26805775409395044, 0.2556810108098117, 0.22485701468857852, 0.21911195733330466, 0.2059875320304524, 0.20740236206488175, 0.20947757092389194, 0.20429760894992136, 0.18721550567583603, 0.18839302523569626, 0.17715731263160706, 0.1980248445814306, 0.1870540827512741, 0.19145838238976218, 0.18989205360412598, 0.19172253662889654, 0.18966936658729205, 0.20646076717159964, 0.1814605322751132, 0.18954020738601685, 0.18979054553942246, 0.18894449147311124, 0.17036830430681055, 0.18319980935616928, 0.18507487800988284, 0.18065104294906964, 0.18100013109770688, 0.18195936625654047, 0.18011367998339914, 0.18682567097923972, 0.19099468128247696, 0.20639682764356787, 0.19514780965718356, 0.19637218930504538, 0.19211396439508957, 0.18577543036504227, 0.17903405292467636, 0.17756628854708237, 0.17907307906584305, 0.18691721287640659, 0.17322726412252945, 0.19373984905806454, 0.18680204315619034], "val_reconstruction_loss": [0.7954513809897683, 0.42354551228609955, 0.19035193188623947, 0.08021663197062233, 0.03993588652123104, 0.023382649672302334, 0.019313875755125828, 0.015285185453566637, 0.01442217809910124, 0.013500597327947617, 0.013895738277245651, 0.013217633166773752, 0.012411668134683912, 0.011234113438562914, 0.012054682709276676, 0.01158448224040595, 0.012964714826508001, 0.010798137973655354, 0.011001879772679373, 0.011251478963954882, 0.01100747769867832, 0.01205821843309836, 0.012497869912873615, 0.010847529904408888, 0.011471003039994022, 0.01141345136883584, 0.012116332453760233, 0.011186816136945377, 0.010965765707872131, 0.010937164537608624, 0.010975453579290346, 0.010528529316864231, 0.01115145559676669, 0.011270401830022985, 0.012533702040937815, 0.010689350099048832, 0.011101994070817123, 0.01219108175824989, 0.010822255418381908, 0.010933034968647089, 0.010425031947141344, 0.010463310405611992, 0.010232478972863068, 0.010253329168666492, 0.010715566490861502, 0.010481209155510773, 0.010667215778746388, 0.01013761411674998], "val_contrastive_loss": [0.21140338615937668, 0.1791574562137777, 0.15908240459182046, 0.1522052613171664, 0.16232631694186817, 0.15114450454711914, 0.15911163525147873, 0.1484310897913846, 0.1470010673457926, 0.13848454708402808, 0.13792366873134265, 0.1433894017880613, 0.14223926920782437, 0.13104493848302148, 0.12811961431394925, 0.11923490193757144, 0.13320126858624545, 0.1330633908510208, 0.13644898276437412, 0.13363465666770935, 0.13668514788150787, 0.12937827272848648, 0.14397141676057468, 0.12722288410771976, 0.13218519294803793, 0.13272328810258346, 0.12836283174428073, 0.11443422734737396, 0.12837097997015173, 0.13038905574516815, 0.12577377598394046, 0.12835748358206314, 0.12620208886536685, 0.12376167218793523, 0.1241571618752046, 0.13754792985591022, 0.15088685940612445, 0.134192403067242, 0.1422609117898074, 0.13744879107583652, 0.133650272407315, 0.12671750174327331, 0.1264038932594386, 0.1278064318678596, 0.13333938135342163, 0.12082121859897267, 0.14040376923301004, 0.13611397485841403]}