{"loss": [3.5032037430937635e-06, 9.729918929224368e-06, 1.0078267223434523e-05, 8.876394531398546e-06, 7.779673978802748e-06, 7.1722815846442245e-06, 6.4619316617609e-06, 5.959800546406768e-06, 5.1564998102549e-06, 4.83197209177888e-06, 4.313006684242282e-06, 3.90937975680572e-06, 3.354438831593143e-06, 2.9250495572341606e-06, 2.5651270334492438e-06, 2.2805490971222753e-06, 1.8848922991310246e-06, 1.6917373386604595e-06, 1.4581198684027186e-06, 1.202180101245176e-06, 1.0445235147926724e-06, 8.889691684998979e-07, 8.178086545740371e-07, 7.201257403721684e-07, 6.364113005474792e-07, 5.753860818913381e-07, 5.301334908835997e-07, 4.989479975847644e-07, 4.6105589035505545e-07, 4.4575796209755936e-07, 4.420242305513966e-07, 4.4192040604684735e-07, 4.41764740344297e-07, 4.41752916913174e-07, 4.4189602022015606e-07, 4.419188712745381e-07, 4.421503945195582e-07, 4.41947918261576e-07, 4.41912590076754e-07, 4.4183946101838956e-07, 4.418216406065767e-07, 4.4197099668963347e-07, 4.41711250687149e-07, 4.4192958625899337e-07, 4.418825767515955e-07, 4.421707728852198e-07, 4.4213814476279367e-07, 4.422509789492324e-07, 4.422107053869695e-07, 4.422324764163932e-07, 4.4198162640896044e-07, 4.4233968310436467e-07, 4.420865877818869e-07, 4.4188684000801004e-07, 4.420104744440323e-07, 4.420497532464651e-07, 4.4209446059539914e-07, 4.4211961380824505e-07, 4.4209389216121053e-07, 4.42269907807713e-07, 4.4227340367797296e-07, 4.422969936968002e-07, 4.422097958922677e-07, 4.42482473772543e-07, 4.4221610551176127e-07, 4.4235864038455475e-07, 4.426222233178123e-07, 4.4246706920603174e-07, 4.4290268874647154e-07, 4.4262628762226086e-07, 4.429792284099676e-07, 4.4256029241296346e-07, 4.4264433540774917e-07], "val_loss": [3.5851528537023114e-06, 5.7549027587811e-06, 1.0614729035296477e-05, 7.551192084065406e-06, 4.703305876319064e-06, 6.308192041615257e-06, 4.275009814591613e-06, 3.0395185603993014e-06, 6.402252438419964e-06, 4.508211532083806e-06, 2.242316213596496e-06, 2.9610480396513594e-06, 3.667214741653879e-06, 2.0052705167472595e-06, 1.9003697389052832e-06, 2.2665128653898137e-06, 2.099926177834277e-06, 2.325509058209718e-06, 1.1232056067456142e-06, 9.720916978039895e-07, 1.3155527085473295e-06, 9.518087153992383e-07, 7.081324611135642e-07, 5.935948479418585e-07, 7.065056024657679e-07, 5.535973741643829e-07, 5.126223641127581e-07, 4.887899081040814e-07, 4.594569702476292e-07, 4.396874260237382e-07, 4.416969545673055e-07, 4.401141211474169e-07, 4.396802069095429e-07, 4.3963274265479413e-07, 4.398841895181249e-07, 4.4009098587594053e-07, 4.4235181917429145e-07, 4.4021189182785747e-07, 4.402599813602137e-07, 4.406048219607328e-07, 4.404301137128641e-07, 4.4124098508291354e-07, 4.4643306296165974e-07, 4.463627476525289e-07, 4.4024778844686807e-07, 4.5058217779114784e-07, 4.4135879306850256e-07, 4.43171614961102e-07, 4.394530321860657e-07, 4.3938831595369265e-07, 4.4706894186674617e-07, 4.510307292093785e-07, 4.3920340431213845e-07, 4.393488381992938e-07, 4.396719930355175e-07, 4.3967736473859986e-07, 4.4097589579905616e-07, 4.425967006227438e-07, 4.399769295559963e-07, 4.3989498976770847e-07, 4.4117891206951754e-07, 4.451933648397244e-07, 4.4167325086164055e-07, 4.5224734890325635e-07, 4.4911490704180324e-07, 4.3987489561914117e-07, 4.4160844936413923e-07, 4.4602586513065035e-07, 4.40031982407163e-07, 4.4096748297306476e-07, 4.4010644728587067e-07, 4.4171025592731894e-07, 4.396513304527616e-07]}