{
  "loss": [
    0.08111663162708282,
    0.01581646129488945,
    0.008393291383981705,
    0.006103868596255779,
    0.004983066581189632,
    0.004338138271123171,
    0.003885747864842415,
    0.0035295323468744755,
    0.0032778321765363216,
    0.0030534721445292234,
    0.0028372262604534626,
    0.0026888647116720676,
    0.0025460547767579556,
    0.0024217688478529453,
    0.002314962912350893,
    0.00222493102774024,
    0.0021325412672013044,
    0.0020600424613803625,
    0.001990946941077709,
    0.0019299573032185435
  ],
  "reconstruction_loss": [
    0.2964349091053009,
    0.1055666133761406,
    0.06755344569683075,
    0.052364423871040344,
    0.044784996658563614,
    0.039762236177921295,
    0.036120690405368805,
    0.033224429935216904,
    0.030840743333101273,
    0.028860313817858696,
    0.027207152917981148,
    0.02581470087170601,
    0.024500979110598564,
    0.023449227213859558,
    0.02245759405195713,
    0.021597925573587418,
    0.020789746195077896,
    0.02007792517542839,
    0.019447941333055496,
    0.018855519592761993
  ],
  "contrastive_loss": [
    0.10294625908136368,
    0.010519596748054028,
    0.003275882685557008,
    0.0017348525580018759,
    0.0010091300355270505,
    0.0007238297839649022,
    0.0005473547498695552,
    0.0004141815297771245,
    0.00038751630927436054,
    0.0003348826430737972,
    0.00023302239424083382,
    0.00021478919370565563,
    0.00019191265164408833,
    0.00015369326865766197,
    0.00013840635074302554,
    0.00013027741806581616,
    0.00010713707888498902,
    0.00010449951514601707,
    9.230509749613702e-05,
    8.881014946382493e-05
  ],
  "val_loss": [
    0.21777002132953482,
    0.22429520399012465,
    0.23519908684365293,
    0.2398871307043319,
    0.24107541017075804,
    0.24015770535519781,
    0.24074147958704767,
    0.2409942058172632,
    0.2432162527074205,
    0.24484113619682638,
    0.2470846062010907,
    0.24630459921157105,
    0.2467417802582396,
    0.24857009249798795,
    0.24792838794119815,
    0.24969888779711216,
    0.25052015324856375,
    0.2497937130801221,
    0.2523901636930222,
    0.251752256395969
  ],
  "val_reconstruction_loss": [
    0.3532137991266048,
    0.23104436917507903,
    0.21829900050416906,
    0.2118422471462412,
    0.2104395900635009,
    0.20716141386235015,
    0.20465731272037993,
    0.20598834055535337,
    0.20590892656052368,
    0.21287135811562233,
    0.2207978329759963,
    0.2264049715818243,
    0.23432275367544053,
    0.24270932408089332,
    0.2516895500903434,
    0.26233925400896274,
    0.2735848242932178,
    0.28305139947444835,
    0.29447339697087066,
    0.303878442404118
  ],
  "val_contrastive_loss": [
    0.3648972821996567,
    0.40238153617432776,
    0.42673837124033176,
    0.4374058100771397,
    0.4400629014410871,
    0.4388831270501969,
    0.4405514952984262,
    0.4407907439039109,
    0.44525072041978225,
    0.4471080030532593,
    0.45000964593380055,
    0.4473282035360945,
    0.44661901225434975,
    0.4485983176434294,
    0.4455188645961437,
    0.4469299246656134,
    0.44632334151166553,
    0.44297714816763045,
    0.44588564748459675,
    0.442728820633381
  ]
}