{"type": "StandardScaler", "per_feature": true, "epsilon": 1e-08, "mean": [[[18.952043637178054, -12.45798239531545]]], "std": [[[55.21369260980892, 50.58030883827476]]]}