{
  "precision": 0.9928057553956835,
  "recall": 0.8263473053892215,
  "f1": 0.9019607843137255,
  "accuracy": 0.955044955044955,
  "auc_roc": 0.95022745980391,
  "auc_pr": 0.9373644023399862,
  "average_precision": 0.9373644023399862,
  "true_positives": 414,
  "true_negatives": 1498,
  "false_positives": 3,
  "false_negatives": 87,
  "mean_normal_error": 2.1223015477771927e-05,
  "mean_anomaly_error": 0.08048552970938193,
  "std_normal_error": 1.543899370152653e-05,
  "std_anomaly_error": 0.1558946765358895,
  "separability": 0.9998081629909535,
  "threshold": 7.994514916363265e-05,
  "threshold_method": "std_4",
  "all_thresholds": {
    "percentile_90": {
      "threshold": 4.0072990018460677e-05,
      "metrics": {
        "precision": 0.7491694352159468,
        "recall": 0.9001996007984032,
        "f1": 0.8177697189483227,
        "accuracy": 0.8996003996003996,
        "auc_roc": 0.95022745980391,
        "auc_pr": 0.9373644023399862,
        "average_precision": 0.9373644023399862,
        "true_positives": 451,
        "true_negatives": 1350,
        "false_positives": 151,
        "false_negatives": 50,
        "mean_normal_error": 2.1223015477771927e-05,
        "mean_anomaly_error": 0.08048552970938193,
        "std_normal_error": 1.543899370152653e-05,
        "std_anomaly_error": 0.1558946765358895,
        "separability": 0.9998081629909535
      }
    },
    "percentile_95": {
      "threshold": 4.9112214819594066e-05,
      "metrics": {
        "precision": 0.8576923076923076,
        "recall": 0.8902195608782435,
        "f1": 0.8736532810969637,
        "accuracy": 0.9355644355644356,
        "auc_roc": 0.95022745980391,
        "auc_pr": 0.9373644023399862,
        "average_precision": 0.9373644023399862,
        "true_positives": 446,
        "true_negatives": 1427,
        "false_positives": 74,
        "false_negatives": 55,
        "mean_normal_error": 2.1223015477771927e-05,
        "mean_anomaly_error": 0.08048552970938193,
        "std_normal_error": 1.543899370152653e-05,
        "std_anomaly_error": 0.1558946765358895,
        "separability": 0.9998081629909535
      }
    },
    "percentile_97": {
      "threshold": 5.610126502267181e-05,
      "metrics": {
        "precision": 0.8924949290060852,
        "recall": 0.8782435129740519,
        "f1": 0.8853118712273642,
        "accuracy": 0.9430569430569431,
        "auc_roc": 0.95022745980391,
        "auc_pr": 0.9373644023399862,
        "average_precision": 0.9373644023399862,
        "true_positives": 440,
        "true_negatives": 1448,
        "false_positives": 53,
        "false_negatives": 61,
        "mean_normal_error": 2.1223015477771927e-05,
        "mean_anomaly_error": 0.08048552970938193,
        "std_normal_error": 1.543899370152653e-05,
        "std_anomaly_error": 0.1558946765358895,
        "separability": 0.9998081629909535
      }
    },
    "percentile_99": {
      "threshold": 6.813760394215485e-05,
      "metrics": {
        "precision": 0.9613636363636363,
        "recall": 0.844311377245509,
        "f1": 0.8990435706695006,
        "accuracy": 0.9525474525474525,
        "auc_roc": 0.95022745980391,
        "auc_pr": 0.9373644023399862,
        "average_precision": 0.9373644023399862,
        "true_positives": 423,
        "true_negatives": 1484,
        "false_positives": 17,
        "false_negatives": 78,
        "mean_normal_error": 2.1223015477771927e-05,
        "mean_anomaly_error": 0.08048552970938193,
        "std_normal_error": 1.543899370152653e-05,
        "std_anomaly_error": 0.1558946765358895,
        "separability": 0.9998081629909535
      }
    },
    "percentile_99.5": {
      "threshold": 7.185474508988369e-05,
      "metrics": {
        "precision": 0.9678899082568807,
        "recall": 0.8423153692614771,
        "f1": 0.9007470651013874,
        "accuracy": 0.9535464535464535,
        "auc_roc": 0.95022745980391,
        "auc_pr": 0.9373644023399862,
        "average_precision": 0.9373644023399862,
        "true_positives": 422,
        "true_negatives": 1487,
        "false_positives": 14,
        "false_negatives": 79,
        "mean_normal_error": 2.1223015477771927e-05,
        "mean_anomaly_error": 0.08048552970938193,
        "std_normal_error": 1.543899370152653e-05,
        "std_anomaly_error": 0.1558946765358895,
        "separability": 0.9998081629909535
      }
    },
    "std_2": {
      "threshold": 5.024991336481633e-05,
      "metrics": {
        "precision": 0.8674463937621832,
        "recall": 0.8882235528942116,
        "f1": 0.8777120315581854,
        "accuracy": 0.938061938061938,
        "auc_roc": 0.95022745980391,
        "auc_pr": 0.9373644023399862,
        "average_precision": 0.9373644023399862,
        "true_positives": 445,
        "true_negatives": 1433,
        "false_positives": 68,
        "false_negatives": 56,
        "mean_normal_error": 2.1223015477771927e-05,
        "mean_anomaly_error": 0.08048552970938193,
        "std_normal_error": 1.543899370152653e-05,
        "std_anomaly_error": 0.1558946765358895,
        "separability": 0.9998081629909535
      }
    },
    "std_3": {
      "threshold": 6.509753126422448e-05,
      "metrics": {
        "precision": 0.9403973509933775,
        "recall": 0.8502994011976048,
        "f1": 0.8930817610062893,
        "accuracy": 0.949050949050949,
        "auc_roc": 0.95022745980391,
        "auc_pr": 0.9373644023399862,
        "average_precision": 0.9373644023399862,
        "true_positives": 426,
        "true_negatives": 1474,
        "false_positives": 27,
        "false_negatives": 75,
        "mean_normal_error": 2.1223015477771927e-05,
        "mean_anomaly_error": 0.08048552970938193,
        "std_normal_error": 1.543899370152653e-05,
        "std_anomaly_error": 0.1558946765358895,
        "separability": 0.9998081629909535
      }
    },
    "std_4": {
      "threshold": 7.994514916363265e-05,
      "metrics": {
        "precision": 0.9928057553956835,
        "recall": 0.8263473053892215,
        "f1": 0.9019607843137255,
        "accuracy": 0.955044955044955,
        "auc_roc": 0.95022745980391,
        "auc_pr": 0.9373644023399862,
        "average_precision": 0.9373644023399862,
        "true_positives": 414,
        "true_negatives": 1498,
        "false_positives": 3,
        "false_negatives": 87,
        "mean_normal_error": 2.1223015477771927e-05,
        "mean_anomaly_error": 0.08048552970938193,
        "std_normal_error": 1.543899370152653e-05,
        "std_anomaly_error": 0.1558946765358895,
        "separability": 0.9998081629909535
      }
    },
    "std_5": {
      "threshold": 9.479276706304081e-05,
      "metrics": {
        "precision": 0.9927184466019418,
        "recall": 0.8163672654690619,
        "f1": 0.895947426067908,
        "accuracy": 0.9525474525474525,
        "auc_roc": 0.95022745980391,
        "auc_pr": 0.9373644023399862,
        "average_precision": 0.9373644023399862,
        "true_positives": 409,
        "true_negatives": 1498,
        "false_positives": 3,
        "false_negatives": 92,
        "mean_normal_error": 2.1223015477771927e-05,
        "mean_anomaly_error": 0.08048552970938193,
        "std_normal_error": 1.543899370152653e-05,
        "std_anomaly_error": 0.1558946765358895,
        "separability": 0.9998081629909535
      }
    },
    "fbeta": {
      "threshold": 6.52505137521964e-05,
      "metrics": {
        "precision": 0.9403973509933775,
        "recall": 0.8502994011976048,
        "f1": 0.8930817610062893,
        "accuracy": 0.949050949050949,
        "auc_roc": 0.95022745980391,
        "auc_pr": 0.9373644023399862,
        "average_precision": 0.9373644023399862,
        "true_positives": 426,
        "true_negatives": 1474,
        "false_positives": 27,
        "false_negatives": 75,
        "mean_normal_error": 2.1223015477771927e-05,
        "mean_anomaly_error": 0.08048552970938193,
        "std_normal_error": 1.543899370152653e-05,