{
  "threshold": 7.994514916363265e-05,
  "method": "std_4",
  "f1_test": 0.9019607843137255
}