{
  "threshold": 0.00481824204325676,
  "method": "knn_p95_k1",
  "f1_test": 0.7954779033915724
}