{"loss": [28.565263748168945, 21.803089141845703, 9.707735061645508, 8.219497680664062, 6.673892021179199, 4.9422125816345215], "reconstruction_loss": [2.8035569190979004, 2.1137452125549316, 0.9172868132591248, 0.7251201868057251, 0.5531326532363892, 0.37800365686416626], "contrastive_loss": [1.0593914985656738, 1.3312771320343018, 1.0697338581085205, 1.9365930557250977, 2.2851319313049316, 2.324352502822876], "val_loss": [21.061992645263672, 7.192285060882568, 5.582449913024902, 4.352097034454346, 2.9394736289978027, 2.4261629581451416], "val_reconstruction_loss": [2.0717761516571045, 0.6846752762794495, 0.5238945484161377, 0.40089643001556396, 0.2593652307987213, 0.20807021856307983], "val_contrastive_loss": [0.6884625554084778, 0.6910648345947266, 0.6870083808898926, 0.6862654089927673, 0.6916428208351135, 0.6909211277961731]}