{
  "loss": [
    4.7358784675598145,
    2.2055087089538574,
    0.8360866904258728,
    0.5522408485412598,
    0.6660749912261963,
    0.4698905944824219,
    0.536438524723053,
    0.3549366593360901,
    0.32336366176605225,
    0.3637726306915283,
    0.35124728083610535,
    0.3421260416507721,
    0.32319989800453186,
    0.3621172606945038,
    0.3854784667491913,
    0.3254537284374237,
    0.3203403651714325,
    0.32910168170928955,
    0.32276836037635803,
    0.3122745752334595,
    0.3252917528152466,
    0.32428377866744995,
    0.33006319403648376,
    0.30539894104003906,
    0.3187791109085083,
    0.3623620867729187
  ],
  "reconstruction_loss": [
    0.8000355958938599,
    0.3905488848686218,
    0.13987930119037628,
    0.08949495851993561,
    0.08759094774723053,
    0.0714157298207283,
    0.0728374719619751,
    0.07020105421543121,
    0.06453296542167664,
    0.07266788184642792,
    0.07018670439720154,
    0.06840066611766815,
    0.06461597979068756,
    0.07239466160535812,
    0.0770750418305397,
    0.0650804415345192,
    0.06405127048492432,
    0.06580624729394913,
    0.06452623754739761,
    0.06244361028075218,
    0.06503040343523026,
    0.06484869122505188,
    0.06600784510374069,
    0.061076465994119644,
    0.06375052779912949,
    0.07246478646993637
  ],
  "contrastive_loss": [
    0.735700249671936,
    0.25276458263397217,
    0.13669037818908691,
    0.10476598888635635,
    0.22812007367610931,
    0.11281212419271469,
    0.1722511351108551,
    0.0039313482120633125,
    0.0006988710374571383,
    0.0004332228272687644,
    0.0003137849853374064,
    0.00012271803279872984,
    0.00011999697017017752,
    0.00014398798521142453,
    0.00010325913171982393,
    5.143566522747278e-05,
    8.404863910982385e-05,
    7.036369788693264e-05,
    0.0001371344260405749,
    5.6536384363425896e-05,
    0.0001396202715113759,
    4.0338592953048646e-05,
    2.3883962057880126e-05,
    1.6550773580092937e-05,
    2.6422339942655526e-05,
    3.8023339584469795e-05
  ],
  "val_loss": [
    3.789582122455944,
    1.656389680775729,
    1.8993483998558738,
    1.0410242622548884,
    1.1035986596887761,
    1.0197680809281089,
    1.0091731223193081,
    1.4509261846542358,
    1.8806106719103726,
    2.049640579657121,
    1.5724218867041848,
    1.8410530415448276,
    2.3757212378761987,
    1.5417033433914185,
    1.1434454376047307,
    2.4376330375671387,
    2.6034721461209385,
    4.086500861428001,
    1.9549111236225476,
    3.6427824713967065,
    2.3690732392397793,
    2.005313450639898,
    1.5478815707293423,
    3.5772715265100654,
    1.4775192195718938,
    1.543331417170438
  ],
  "val_reconstruction_loss": [
    0.6192347353154962,
    0.18875484033064407,
    0.23937063461000269,
    0.06784349104220216,
    0.08073215525258672,
    0.062240201979875565,
    0.06287340311841531,
    0.0789872482419014,
    0.06299625100059943,
    0.07426399263468655,
    0.11908645047382875,
    0.06531541659073396,
    0.0652809969403527,
    0.0799779011444612,
    0.06486134163357994,
    0.059787285937504334,
    0.06575031104412946,
    0.05960690026933497,
    0.059952051802115006,
    0.0578176501122388,
    0.06373762102289633,
    0.06396649405360222,
    0.06056658347899264,
    0.05791378732432018,
    0.06183426996523684,
    0.07183517278595404
  ],
  "val_contrastive_loss": [
    0.6934084512970664,
    0.7126154574480924,
    0.7024952227419073,
    0.7018068053505637,
    0.6999378637834028,
    0.7085670612075112,
    0.6948060989379883,
    1.0559899481860073,
    1.5656294280832463,
    1.67832059209997,
    0.9769896431402727,
    1.5144759308208118,
    2.049316243691878,
    1.1418138200586492,
    0.8191387274048545,
    2.138696638020602,
    2.2747206037694756,
    3.7884664102034136,
    1.6551508795131336,
    3.3536942221901636,
    2.0503851500424473,
    1.685480984774503,
    1.2450486421585083,
    3.287702603773637,
    1.1683478572151877,
    1.1841555617072366
  ]
}