{"loss": [0.0007368987426161766, 8.887259900802746e-05, 6.805975863244385e-05, 5.619934017886408e-05, 5.0319795263931155e-05, 4.8802965466165915e-05, 4.823611016036011e-05, 3.814867159235291e-05, 3.9399379602400586e-05, 3.5808283428195864e-05, 7.28174636606127e-05, 1.632492603675928e-05, 2.8238642698852345e-05, 1.582357072038576e-05, 1.6507485270267352e-05, 1.2230249922140501e-05, 7.829128662706353e-06, 6.822423074481776e-06, 5.618751856673043e-06, 4.2870346987911034e-06, 3.4410097669024253e-06, 2.789653763102251e-06, 2.302431084899581e-06, 1.9819274257315556e-06, 1.732301257106883e-06, 1.6064526562331594e-06, 1.530350914435985e-06, 1.4766972071811324e-06, 1.4490342437056825e-06, 1.4354828863361035e-06, 1.433604552403267e-06, 1.433649913451518e-06, 1.433597617506166e-06, 1.4335329296955024e-06, 1.4335970490719774e-06, 1.4335736295834067e-06, 1.4336021649796749e-06, 1.4335723790281918e-06, 1.4335116702568484e-06, 1.4335221294459188e-06, 1.433415491192136e-06, 1.4334630122903036e-06, 1.4337410902953707e-06, 1.433933334737958e-06, 1.4338244227474206e-06, 1.4333453464132617e-06, 1.4331699276226573e-06, 1.4331995998873026e-06, 1.4330951216834364e-06, 1.43303407185158e-06, 1.4328646784633747e-06, 1.4327899862109916e-06, 1.432736326023587e-06, 1.4326635664474452e-06, 1.4325912616186542e-06, 1.432543967894162e-06, 1.4323097730084555e-06, 1.4324122048492427e-06, 1.432343879059772e-06, 1.4322815786727006e-06, 1.4321857406685012e-06, 1.4321536809802637e-06, 1.4321757362267817e-06, 1.432159706382663e-06, 1.4320554555524723e-06, 1.4320849004434422e-06, 1.4319649608296459e-06, 1.4320219179353444e-06, 1.43202612434834e-06, 1.4319256251837942e-06, 1.4317591876533697e-06, 1.431683926966798e-06, 1.431631289960933e-06, 1.4316359511212795e-06, 1.4316173064798932e-06, 1.4315827456812258e-06, 1.4314526879388723e-06, 1.4314448435470695e-06, 1.4312862504084478e-06, 1.431267833140737e-06, 1.4312169014374376e-06, 1.4312214489109465e-06, 1.4311905260910862e-06, 1.4311508493847214e-06, 1.4310862752608955e-06, 1.4310138567452668e-06, 1.430972929483687e-06, 1.4309605376183754e-06, 1.430913698641234e-06, 1.4307423725767876e-06, 1.4306649518402992e-06, 1.4306442608358338e-06, 1.4305607010101085e-06, 1.4305794593383325e-06, 1.4304578144219704e-06, 1.4303967645901139e-06, 1.4303620901046088e-06, 1.4303622037914465e-06, 1.4302808040156378e-06, 1.4302364661489264e-06], "val_loss": [0.0003469260991550982, 6.528024096041918e-05, 1.4280771210906096e-05, 3.610673957155086e-05, 4.94239320687484e-05, 3.9030353946145624e-05, 1.4589553757105023e-05, 1.7577363905729726e-05, 1.114613678510068e-05, 5.158102067071013e-05, 2.729762672970537e-05, 9.867050721368287e-06, 6.551599653903395e-06, 7.265879048645729e-06, 5.3346452659752686e-06, 6.818581823608838e-06, 4.7221119530149736e-06, 4.22832135882345e-06, 6.360496627166867e-06, 4.110244390176376e-06, 3.6039800761500373e-06, 2.6735442588687874e-06, 1.8071414160658605e-06, 1.9391834484849824e-06, 1.6386682091251714e-06, 1.5626374079147354e-06, 1.4936437082724296e-06, 1.4649673403255292e-06, 1.4330267958939658e-06, 1.4283068594522774e-06, 1.4284643157225219e-06, 1.4286104033089941e-06, 1.4284207736636745e-06, 1.4283622249422478e-06, 1.4285699307947652e-06, 1.4284825056165573e-06, 1.4283608607001952e-06, 1.4282692291089916e-06, 1.4283214113675058e-06, 1.42826581850386e-06, 1.428308678441681e-06, 1.4282713891589083e-06, 1.4280303730629385e-06, 1.4283203881859663e-06, 1.428021164429083e-06, 1.4278879234552733e-06, 1.4276379260991234e-06, 1.4276739648266812e-06, 1.4275034345700988e-06, 1.428545147064142e-06, 1.4274550039772294e-06, 1.4274277191361762e-06, 1.4273288115873584e-06, 1.4273856550062192e-06, 1.427286861144239e-06, 1.4270981409936212e-06, 1.4271103054852574e-06, 1.426912035640271e-06, 1.4267990309235756e-06, 1.4267426422520657e-06, 1.4267411643231753e-06, 1.4266757943914854e-06, 1.4265639265431673e-06, 1.42659223456576e-06, 1.4266296375353704e-06, 1.4265564232118777e-06, 1.4266369134929846e-06, 1.4265976915339706e-06, 1.426526068826206e-06, 1.4263387129176408e-06, 1.4264193168855854e-06, 1.426340645593882e-06, 1.4261896694733878e-06, 1.4262462855185731e-06, 1.4263279126680573e-06, 1.425942514288181e-06, 1.4259175031838822e-06, 1.4260149328038096e-06, 1.4258423561841482e-06, 1.425752202521835e-06, 1.4260164107327e-06, 1.4258680494094733e-06, 1.4256535223466926e-06, 1.4256180520533235e-06, 1.4252611890697153e-06, 1.4254170537242317e-06, 1.4254002280722489e-06, 1.4253132576413918e-06, 1.4253067774916417e-06, 1.425242089680978e-06, 1.4251041875468218e-06, 1.425327468496107e-06, 1.4252831306293956e-06, 1.4251785387386917e-06, 1.4251990023694816e-06, 1.425018353984342e-06, 1.4251583024815773e-06, 1.4250531421566848e-06, 1.4251746733862092e-06, 1.4249695823309594e-06]}