{
  "precision": 0.7685352622061483,
  "recall": 0.8483033932135728,
  "f1": 0.8064516129032258,
  "accuracy": 0.8981018981018981,
  "auc_roc": 0.9242328135201948,
  "auc_pr": 0.9058664167604293,
  "average_precision": 0.9058664167604293,
  "true_positives": 425,
  "true_negatives": 1373,
  "false_positives": 128,
  "false_negatives": 76,
  "mean_normal_error": 0.024288676640999367,
  "mean_anomaly_error": 0.37612035782573544,
  "std_normal_error": 0.003590894064026145,
  "std_anomaly_error": 0.4400129645258389,
  "separability": 0.0,
  "threshold": 0.24485379457473755,
  "threshold_method": "knn_p99.9_k20",
  "all_thresholds": {
    "knn_p99.9_k20": {
      "threshold": 0.24485379457473755,
      "metrics": {
        "precision": 0.7685352622061483,
        "recall": 0.8483033932135728,
        "f1": 0.8064516129032258,
        "accuracy": 0.8981018981018981,
        "auc_roc": 0.9242328135201948,
        "auc_pr": 0.9058664167604293,
        "average_precision": 0.9058664167604293,
        "true_positives": 425,
        "true_negatives": 1373,
        "false_positives": 128,
        "false_negatives": 76,
        "mean_normal_error": 0.024288676640999367,
        "mean_anomaly_error": 0.37612035782573544,
        "std_normal_error": 0.003590894064026145,
        "std_anomaly_error": 0.4400129645258389,
        "separability": 0.0
      }
    }
  }
}