{
  "threshold": 0.24485379457473755,
  "method": "knn_p99.9_k20",
  "f1_test": 0.8064516129032258
}