{
  "loss": [
    0.8991192579269409,
    0.5125303268432617,
    0.5035181045532227,
    0.5011001825332642,
    0.5005191564559937,
    0.5001135468482971,
    0.500164270401001,
    0.500156044960022,
    0.5001135468482971,
    0.500111997127533,
    0.5001206994056702,
    0.5001378655433655,
    0.49993449449539185,
    0.4999697804450989,
    0.4997888207435608,
    0.5000127553939819,
    0.4998893439769745,
    0.5000408887863159,
    0.5000377297401428,
    0.4999127686023712,
    0.49994024634361267,
    0.5000323057174683,
    0.499743789434433,
    0.4998733103275299,
    0.4995221793651581,
    0.4996512532234192,
    0.4996323883533478,
    0.49952200055122375,
    0.49948975443840027,
    0.4994160830974579,
    0.49916791915893555,
    0.4989358186721802,
    0.4983547627925873,
    0.5008453130722046
  ],
  "reconstruction_loss": [
    1.6919634342193604,
    1.0164285898208618,
    1.0057339668273926,
    1.0014727115631104,
    1.0005587339401245,
    0.9998304843902588,
    1.0000224113464355,
    1.0000402927398682,
    0.9999868869781494,
    0.9999974966049194,
    1.000044584274292,
    1.000095248222351,
    0.999710738658905,
    0.9997876882553101,
    0.9994375705718994,
    0.9998996257781982,
    0.9996625185012817,
    0.9999672770500183,
    0.9999662637710571,
    0.9997249841690063,
    0.9997841715812683,
    0.9999725818634033,
    0.9994027018547058,
    0.9996663331985474,
    0.9989699721336365,
    0.9992298483848572,
    0.9991950392723083,
    0.9989783763885498,
    0.9989170432090759,
    0.9987720847129822,
    0.9982786178588867,
    0.9978116750717163,
    0.9966440200805664,
    1.0015928745269775
  ],
  "contrastive_loss": [
    0.10627485811710358,
    0.008632104843854904,
    0.0013022117782384157,
    0.0007275264360941947,
    0.00047932553570717573,
    0.0003966189397033304,
    0.0003060921735595912,
    0.00027167468215338886,
    0.00024030194617807865,
    0.0002265039220219478,
    0.00019681249978020787,
    0.0001805623178370297,
    0.00015819295367691666,
    0.00015186792006716132,
    0.00014003823162056506,
    0.00012580781185533851,
    0.00011612847447395325,
    0.0001143447298090905,
    0.00010901725909207016,
    0.00010070634016301483,
    9.638136543799192e-05,
    9.199682244798169e-05,
    8.487359446007758e-05,
    8.014681952772662e-05,
    7.452331919921562e-05,
    7.257414108607918e-05,
    6.972820119699463e-05,
    6.557080632774159e-05,
    6.246421980904415e-05,
    6.0038233641535044e-05,
    5.719296677852981e-05,
    6.0002894315402955e-05,
    6.564362411154434e-05,
    9.765740833245218e-05
  ],
  "val_loss": [
    0.8628324568271637,
    0.8484403491020203,
    0.8451319634914398,
    0.8384393155574799,
    0.8304480612277985,
    0.8164555132389069,
    0.7903701663017273,
    0.7627623677253723,
    0.7223032414913177,
    0.6735742092132568,
    0.6245946288108826,
    0.5940794944763184,
    0.5879358351230621,
    0.5861590802669525,
    0.5893111228942871,
    0.5952922999858856,
    0.6010988652706146,
    0.6056643128395081,
    0.6170881688594818,
    0.6193232834339142,
    0.621734231710434,
    0.6271945238113403,
    0.6379792392253876,
    0.6493120193481445,
    0.659996747970581,
    0.6612439453601837,
    0.6761499643325806,
    0.6958991587162018,
    0.7130352258682251,
    0.7405325174331665,
    0.7706881463527679,
    0.8050756454467773,
    0.8320765793323517,
    0.8217173218727112
  ],
  "val_reconstruction_loss": [
    1.0356176495552063,
    1.0079500079154968,
    1.0053138732910156,
    1.0015157461166382,
    1.0016695857048035,
    1.0014430284500122,
    1.0013670325279236,
    1.0013723969459534,
    1.0013291835784912,
    1.0013103485107422,
    1.0013098120689392,
    1.0012924075126648,
    1.0012609958648682,
    1.0012340545654297,
    1.0012238025665283,
    1.0011997818946838,
    1.0011767745018005,
    1.0011387467384338,
    1.0011358261108398,
    1.0010740458965302,
    1.001048505306244,
    1.0009944140911102,
    1.0009264051914215,
    1.0008476078510284,
    1.0007414817810059,
    1.000659018754959,
    1.0005322694778442,
    1.0003835260868073,
    1.0001728236675262,
    0.9998977780342102,
    0.9994815587997437,
    0.9987765848636627,
    0.9965918660163879,
    1.0054702162742615
  ],
  "val_contrastive_loss": [
    0.6900472640991211,
    0.6889306902885437,
    0.6849500238895416,
    0.6753628551959991,
    0.6592265665531158,
    0.6314679682254791,
    0.579373300075531,
    0.5241523385047913,
    0.4432773292064667,
    0.3458380848169327,
    0.24787945300340652,
    0.18686657398939133,
    0.1746106669306755,
    0.17108409851789474,
    0.1773984059691429,
    0.1893848404288292,
    0.2010209783911705,
    0.21018991619348526,
    0.23304054141044617,
    0.23757250607013702,
    0.24241994321346283,
    0.2533946633338928,
    0.27503208816051483,
    0.29777638614177704,
    0.3192519545555115,
    0.3218288719654083,
    0.3517676889896393,
    0.3914147913455963,
    0.42589764297008514,
    0.481167197227478,
    0.5418947041034698,
    0.611374706029892,
    0.6675612926483154,
    0.6379644274711609
  ]
}