{"type": "StandardScaler", "per_feature": true, "epsilon": 1e-08, "mean": [[[16.831422217700286, -11.843913023459482]]], "std": [[[31.370549830059918, 23.484199107304057]]]}