{
  "precision": 0.95,
  "recall": 0.7964071856287425,
  "f1": 0.8664495114006515,
  "accuracy": 0.9385614385614386,
  "auc_roc": 0.9409907699590825,
  "auc_pr": 0.9218111363523745,
  "average_precision": 0.9218111363523745,
  "true_positives": 399,
  "true_negatives": 1480,
  "false_positives": 21,
  "false_negatives": 102,
  "mean_normal_error": 3.15820424637718e-05,
  "mean_anomaly_error": 0.09436600071393887,
  "std_normal_error": 3.1438989209077355e-05,
  "std_anomaly_error": 0.16624514141398772,
  "separability": 0.999666839363426,
  "threshold": 0.00014923545531689836,
  "threshold_method": "std_4",
  "all_thresholds": {
    "percentile_90": {
      "threshold": 6.25020895667003e-05,
      "metrics": {
        "precision": 0.7423728813559322,
        "recall": 0.874251497005988,
        "f1": 0.8029330889092575,
        "accuracy": 0.8926073926073926,
        "auc_roc": 0.9409907699590825,
        "auc_pr": 0.9218111363523745,
        "average_precision": 0.9218111363523745,
        "true_positives": 438,
        "true_negatives": 1349,
        "false_positives": 152,
        "false_negatives": 63,
        "mean_normal_error": 3.15820424637718e-05,
        "mean_anomaly_error": 0.09436600071393887,
        "std_normal_error": 3.1438989209077355e-05,
        "std_anomaly_error": 0.16624514141398772,
        "separability": 0.999666839363426
      }
    },
    "percentile_95": {
      "threshold": 7.74568372561081e-05,
      "metrics": {
        "precision": 0.8301158301158301,
        "recall": 0.8582834331337326,
        "f1": 0.8439646712463199,
        "accuracy": 0.9205794205794205,
        "auc_roc": 0.9409907699590825,
        "auc_pr": 0.9218111363523745,
        "average_precision": 0.9218111363523745,
        "true_positives": 430,
        "true_negatives": 1413,
        "false_positives": 88,
        "false_negatives": 71,
        "mean_normal_error": 3.15820424637718e-05,
        "mean_anomaly_error": 0.09436600071393887,
        "std_normal_error": 3.1438989209077355e-05,
        "std_anomaly_error": 0.16624514141398772,
        "separability": 0.999666839363426
      }
    },
    "percentile_97": {
      "threshold": 9.499580087641161e-05,
      "metrics": {
        "precision": 0.8881856540084389,
        "recall": 0.8403193612774451,
        "f1": 0.8635897435897436,
        "accuracy": 0.9335664335664335,
        "auc_roc": 0.9409907699590825,
        "auc_pr": 0.9218111363523745,
        "average_precision": 0.9218111363523745,
        "true_positives": 421,
        "true_negatives": 1448,
        "false_positives": 53,
        "false_negatives": 80,
        "mean_normal_error": 3.15820424637718e-05,
        "mean_anomaly_error": 0.09436600071393887,
        "std_normal_error": 3.1438989209077355e-05,
        "std_anomaly_error": 0.16624514141398772,
        "separability": 0.999666839363426
      }
    },
    "percentile_99": {
      "threshold": 0.0001608444503675715,
      "metrics": {
        "precision": 0.9516908212560387,
        "recall": 0.7864271457085829,
        "f1": 0.8612021857923498,
        "accuracy": 0.9365634365634365,
        "auc_roc": 0.9409907699590825,
        "auc_pr": 0.9218111363523745,
        "average_precision": 0.9218111363523745,
        "true_positives": 394,
        "true_negatives": 1481,
        "false_positives": 20,
        "false_negatives": 107,
        "mean_normal_error": 3.15820424637718e-05,
        "mean_anomaly_error": 0.09436600071393887,
        "std_normal_error": 3.1438989209077355e-05,
        "std_anomaly_error": 0.16624514141398772,
        "separability": 0.999666839363426
      }
    },
    "percentile_99.5": {
      "threshold": 0.00019985381325093155,
      "metrics": {
        "precision": 0.9769230769230769,
        "recall": 0.7604790419161677,
        "f1": 0.8552188552188552,
        "accuracy": 0.9355644355644356,
        "auc_roc": 0.9409907699590825,
        "auc_pr": 0.9218111363523745,
        "average_precision": 0.9218111363523745,
        "true_positives": 381,
        "true_negatives": 1492,
        "false_positives": 9,
        "false_negatives": 120,
        "mean_normal_error": 3.15820424637718e-05,
        "mean_anomaly_error": 0.09436600071393887,
        "std_normal_error": 3.1438989209077355e-05,
        "std_anomaly_error": 0.16624514141398772,
        "separability": 0.999666839363426
      }
    },
    "std_2": {
      "threshold": 8.991012055622441e-05,
      "metrics": {
        "precision": 0.8721649484536083,
        "recall": 0.844311377245509,
        "f1": 0.8580121703853956,
        "accuracy": 0.9300699300699301,
        "auc_roc": 0.9409907699590825,
        "auc_pr": 0.9218111363523745,
        "average_precision": 0.9218111363523745,
        "true_positives": 423,
        "true_negatives": 1439,
        "false_positives": 62,
        "false_negatives": 78,
        "mean_normal_error": 3.15820424637718e-05,
        "mean_anomaly_error": 0.09436600071393887,
        "std_normal_error": 3.1438989209077355e-05,
        "std_anomaly_error": 0.16624514141398772,
        "separability": 0.999666839363426
      }
    },
    "std_3": {
      "threshold": 0.0001195727879365614,
      "metrics": {
        "precision": 0.9244851258581236,
        "recall": 0.8063872255489022,
        "f1": 0.8614072494669509,
        "accuracy": 0.935064935064935,
        "auc_roc": 0.9409907699590825,
        "auc_pr": 0.9218111363523745,
        "average_precision": 0.9218111363523745,
        "true_positives": 404,
        "true_negatives": 1468,
        "false_positives": 33,
        "false_negatives": 97,
        "mean_normal_error": 3.15820424637718e-05,
        "mean_anomaly_error": 0.09436600071393887,
        "std_normal_error": 3.1438989209077355e-05,
        "std_anomaly_error": 0.16624514141398772,
        "separability": 0.999666839363426
      }
    },
    "std_4": {
      "threshold": 0.00014923545531689836,
      "metrics": {
        "precision": 0.95,
        "recall": 0.7964071856287425,
        "f1": 0.8664495114006515,
        "accuracy": 0.9385614385614386,
        "auc_roc": 0.9409907699590825,
        "auc_pr": 0.9218111363523745,
        "average_precision": 0.9218111363523745,
        "true_positives": 399,
        "true_negatives": 1480,
        "false_positives": 21,
        "false_negatives": 102,
        "mean_normal_error": 3.15820424637718e-05,
        "mean_anomaly_error": 0.09436600071393887,
        "std_normal_error": 3.1438989209077355e-05,
        "std_anomaly_error": 0.16624514141398772,
        "separability": 0.999666839363426
      }
    },
    "std_5": {
      "threshold": 0.00017889812269723535,
      "metrics": {
        "precision": 0.9651741293532339,
        "recall": 0.7744510978043913,
        "f1": 0.8593576965669989,
        "accuracy": 0.9365634365634365,
        "auc_roc": 0.9409907699590825,
        "auc_pr": 0.9218111363523745,
        "average_precision": 0.9218111363523745,
        "true_positives": 388,
        "true_negatives": 1487,
        "false_positives": 14,
        "false_negatives": 113,
        "mean_normal_error": 3.15820424637718e-05,
        "mean_anomaly_error": 0.09436600071393887,
        "std_normal_error": 3.1438989209077355e-05,
        "std_anomaly_error": 0.16624514141398772,
        "separability": 0.999666839363426
      }
    },
    "f1": {
      "threshold": 9.384908074070401e-05,
      "metrics": {
        "precision": 0.8863157894736842,
        "recall": 0.8403193612774451,
        "f1": 0.8627049180327869,
        "accuracy": 0.9330669330669331,
        "auc_roc": 0.9409907699590825,
        "auc_pr": 0.9218111363523745,
        "average_precision": 0.9218111363523745,
        "true_positives": 421,
        "true_negatives": 1447,
        "false_positives": 54,
        "false_negatives": 80,
        "mean_normal_error": 3.15820424637718e-05,
        "mean_anomaly_error": 0.09436600071393887,
        "std_normal_error": 3.1438989209077355e-05,