{
  "threshold": 0.00014923545531689836,
  "method": "std_4",
  "f1_test": 0.8664495114006515
}