{"loss": [0.01165381632745266, 0.0025749169290065765, 0.0010481103090569377, 0.0006362230633385479, 0.000515868014190346, 0.0004594895290210843, 0.00042068035691045225, 0.00038671554648317397, 0.0003542098274920136, 0.00032336547155864537, 0.00029405270470306277, 0.00026659652939997613, 0.00024141656467691064, 0.0002187083155149594, 0.00019862617773469537, 0.0001811686233850196, 0.00016622667317278683, 0.0001534259645268321, 0.00014259656018111855, 0.00013334544200915843, 0.00012530325329862535, 0.00011844208347611129, 0.00011222869215998799, 0.00010684900917112827, 0.00010213993664365262, 9.807295282371342e-05, 9.435438551008701e-05, 9.103008778765798e-05, 8.794272434897721e-05, 8.500536205247045e-05, 8.270161197287962e-05, 8.072329364949837e-05, 7.951124280225486e-05, 7.658958929823712e-05, 7.326825289055705e-05, 7.093079329933971e-05, 6.946259964024648e-05, 6.72528040013276e-05, 6.569838296854869e-05, 6.40359430690296e-05, 6.269572622841224e-05, 6.547640805365518e-05, 6.365515582729131e-05, 7.828366506146267e-05, 8.558232366340235e-05, 5.905366924707778e-05, 5.522940409719013e-05, 5.478752791532315e-05, 0.00011541813000803813, 8.056801016209647e-05, 5.174295074539259e-05, 5.601070370175876e-05, 6.982862396398559e-05, 8.477693336317316e-05, 5.6361583119723946e-05, 8.597630949225277e-05, 7.279714191099629e-05, 4.982805694453418e-05, 7.112166349543259e-05, 5.363430318539031e-05, 6.736282375641167e-05, 5.474783029058017e-05, 9.217409387929365e-05, 8.513940701959655e-05, 6.279673107201234e-05, 4.421798075782135e-05, 8.675771823618561e-05, 6.322728586383164e-05, 4.971874295733869e-05, 4.4879176130052656e-05, 3.808130350080319e-05, 6.407757609849796e-05, 0.00015056061965879053, 4.56842863059137e-05, 3.6760418879566714e-05, 3.5016011679545045e-05, 4.594477286445908e-05, 7.44652352295816e-05, 6.599097105208784e-05, 6.333013880066574e-05, 4.139422162552364e-05, 4.762259413837455e-05, 7.218835526145995e-05, 4.22903431172017e-05, 4.512623854679987e-05, 5.9555633924901485e-05, 0.00018909982463810593, 6.222726369742304e-05, 4.559009175864048e-05, 3.5997207305626944e-05, 3.412044679862447e-05, 3.273328911745921e-05, 3.258449578424916e-05, 3.3720916690072045e-05, 4.74412772746291e-05, 7.597520016133785e-05, 5.6218694226117805e-05, 4.07665575039573e-05, 8.154949318850413e-05, 4.0188348066294566e-05], "val_loss": [0.0033403474371880293, 0.0013549244031310081, 0.0006982442573644221, 0.000532483565621078, 0.0004529844445642084, 0.00041249205241911113, 0.00038005385431461036, 0.0003494050179142505, 0.00032041140366345644, 0.00029243784956634045, 0.0002663091872818768, 0.00024205751833505929, 0.0002199651498813182, 0.0001999552914639935, 0.00018271412409376353, 0.0001676650281297043, 0.00015472827362827957, 0.00014375837054103613, 0.00013423692143987864, 0.000125953447422944, 0.00011904322309419513, 0.00011278787133051082, 0.0001072018058039248, 0.0001023984732455574, 9.815478551900014e-05, 9.424766903975978e-05, 9.089314698940143e-05, 8.779735071584582e-05, 8.466550207231194e-05, 8.214982517529279e-05, 7.981254020705819e-05, 7.852738053770736e-05, 8.049238385865465e-05, 7.410362013615668e-05, 7.061024371068925e-05, 6.95720300427638e-05, 6.712930189678445e-05, 6.519368616864085e-05, 6.358961400110275e-05, 6.216545443749055e-05, 6.098350786487572e-05, 6.905119516886771e-05, 5.824990148539655e-05, 0.00012511252134572715, 6.982572813285515e-05, 5.45808179595042e-05, 5.3428157116286457e-05, 6.105365901021287e-05, 0.00016109166608657688, 5.073293505120091e-05, 4.945303589920513e-05, 6.17125115240924e-05, 0.00012401881394907832, 8.404018444707617e-05, 5.9180627431487665e-05, 0.00013622759433928877, 5.204887202125974e-05, 5.770555799244903e-05, 5.325690290192142e-05, 6.109944661147892e-05, 8.830164006212726e-05, 4.207471647532657e-05, 0.00013237340317573398, 0.0001166263100458309, 3.9682323404122144e-05, 4.703372542280704e-05, 5.735210288548842e-05, 6.133900751592591e-05, 6.05418135819491e-05, 4.231782804708928e-05, 3.634891618276015e-05, 0.00020661424787249416, 6.92309404257685e-05, 3.903597462340258e-05, 3.499410377116874e-05, 3.8479094655485824e-05, 3.62762511940673e-05, 0.00010751120862551033, 0.00010594933701213449, 6.252802268136293e-05, 3.81645695597399e-05, 7.569915760541335e-05, 3.6112538509769365e-05, 6.0475886130006984e-05, 3.3157510188175365e-05, 0.0002135897520929575, 0.0001147324001067318, 5.822554157930426e-05, 4.7064189857337624e-05, 3.4843924368033186e-05, 3.217878838768229e-05, 3.058257789234631e-05, 3.28147980326321e-05, 5.2256527851568535e-05, 3.439736246946268e-05, 9.556749137118459e-05, 3.4730805055005476e-05, 8.189905929611996e-05, 3.358396133990027e-05, 4.508327765506692e-05]}