{
  "precision": 0.9761594116949354,
  "recall": 0.9500995699731594,
  "f1": 0.9629532125254121,
  "accuracy": 0.956927628894028,
  "auc_roc": 0.9839971174451227,
  "auc_pr": 0.9914023811903208,
  "average_precision": 0.9914023811903208,
  "true_positives": 32920,
  "true_negatives": 23355,
  "false_positives": 804,
  "false_negatives": 1729,
  "mean_normal_error": 4.2045386026518977e-07,
  "mean_anomaly_error": 0.21162591039062872,
  "std_normal_error": 2.995581952176238e-07,
  "std_anomaly_error": 0.24405358841379401,
  "separability": 0.9999985844910683,
  "threshold": 8.386937940432097e-07,
  "threshold_method": "percentile_97",
  "all_thresholds": {
    "percentile_90": {
      "threshold": 6.256438040815143e-07,
      "metrics": {
        "precision": 0.9311083894672382,
        "recall": 0.9654246875811712,
        "f1": 0.9479560750974141,
        "accuracy": 0.9375425112229628,
        "auc_roc": 0.9839971174451227,
        "auc_pr": 0.9914023811903208,
        "average_precision": 0.9914023811903208,
        "true_positives": 33451,
        "true_negatives": 21684,
        "false_positives": 2475,
        "false_negatives": 1198,
        "mean_normal_error": 4.2045386026518977e-07,
        "mean_anomaly_error": 0.21162591039062872,
        "std_normal_error": 2.995581952176238e-07,
        "std_anomaly_error": 0.24405358841379401,
        "separability": 0.9999985844910683
      }
    },
    "percentile_95": {
      "threshold": 7.409835042301228e-07,
      "metrics": {
        "precision": 0.9620870979925046,
        "recall": 0.9557562988830847,
        "f1": 0.9589112494570725,
        "accuracy": 0.9517412596925588,
        "auc_roc": 0.9839971174451227,
        "auc_pr": 0.9914023811903208,
        "average_precision": 0.9914023811903208,
        "true_positives": 33116,
        "true_negatives": 22854,
        "false_positives": 1305,
        "false_negatives": 1533,
        "mean_normal_error": 4.2045386026518977e-07,
        "mean_anomaly_error": 0.21162591039062872,
        "std_normal_error": 2.995581952176238e-07,
        "std_anomaly_error": 0.24405358841379401,
        "separability": 0.9999985844910683
      }
    },
    "percentile_97": {
      "threshold": 8.386937940432097e-07,
      "metrics": {
        "precision": 0.9761594116949354,
        "recall": 0.9500995699731594,
        "f1": 0.9629532125254121,
        "accuracy": 0.956927628894028,
        "auc_roc": 0.9839971174451227,
        "auc_pr": 0.9914023811903208,
        "average_precision": 0.9914023811903208,
        "true_positives": 32920,
        "true_negatives": 23355,
        "false_positives": 804,
        "false_negatives": 1729,
        "mean_normal_error": 4.2045386026518977e-07,
        "mean_anomaly_error": 0.21162591039062872,
        "std_normal_error": 2.995581952176238e-07,
        "std_anomaly_error": 0.24405358841379401,
        "separability": 0.9999985844910683
      }
    },
    "percentile_99": {
      "threshold": 1.2059076406418472e-06,
      "metrics": {
        "precision": 0.991290113352071,
        "recall": 0.9262893590002598,
        "f1": 0.9576880613493272,
        "accuracy": 0.9517752686709291,
        "auc_roc": 0.9839971174451227,
        "auc_pr": 0.9914023811903208,
        "average_precision": 0.9914023811903208,
        "true_positives": 32095,
        "true_negatives": 23877,
        "false_positives": 282,
        "false_negatives": 2554,
        "mean_normal_error": 4.2045386026518977e-07,
        "mean_anomaly_error": 0.21162591039062872,
        "std_normal_error": 2.995581952176238e-07,
        "std_anomaly_error": 0.24405358841379401,
        "separability": 0.9999985844910683
      }
    },
    "percentile_99.5": {
      "threshold": 1.8918818852900265e-06,
      "metrics": {
        "precision": 0.9957385911909683,
        "recall": 0.9036624433605588,
        "f1": 0.9474687566193603,
        "accuracy": 0.940960413549177,
        "auc_roc": 0.9839971174451227,
        "auc_pr": 0.9914023811903208,
        "average_precision": 0.9914023811903208,
        "true_positives": 31311,
        "true_negatives": 24025,
        "false_positives": 134,
        "false_negatives": 3338,
        "mean_normal_error": 4.2045386026518977e-07,
        "mean_anomaly_error": 0.21162591039062872,
        "std_normal_error": 2.995581952176238e-07,
        "std_anomaly_error": 0.24405358841379401,
        "separability": 0.9999985844910683
      }
    },
    "std_2": {
      "threshold": 9.60250608369701e-07,
      "metrics": {
        "precision": 0.983606063345689,
        "recall": 0.9419896678114809,
        "f1": 0.9623481542634744,
        "accuracy": 0.95657053462114,
        "auc_roc": 0.9839971174451227,
        "auc_pr": 0.9914023811903208,
        "average_precision": 0.9914023811903208,
        "true_positives": 32639,
        "true_negatives": 23615,
        "false_positives": 544,
        "false_negatives": 2010,
        "mean_normal_error": 4.2045386026518977e-07,
        "mean_anomaly_error": 0.21162591039062872,
        "std_normal_error": 2.995581952176238e-07,
        "std_anomaly_error": 0.24405358841379401,
        "separability": 0.9999985844910683
      }
    },
    "std_3": {
      "threshold": 1.2333852376354774e-06,
      "metrics": {
        "precision": 0.9917084338840418,
        "recall": 0.925106063667061,
        "f1": 0.9572501530513208,
        "accuracy": 0.9513161474629303,
        "auc_roc": 0.9839971174451227,
        "auc_pr": 0.9914023811903208,
        "average_precision": 0.9914023811903208,
        "true_positives": 32054,
        "true_negatives": 23891,
        "false_positives": 268,
        "false_negatives": 2595,
        "mean_normal_error": 4.2045386026518977e-07,
        "mean_anomaly_error": 0.21162591039062872,
        "std_normal_error": 2.995581952176238e-07,
        "std_anomaly_error": 0.24405358841379401,
        "separability": 0.9999985844910683
      }
    },
    "std_4": {
      "threshold": 1.5065198669012538e-06,
      "metrics": {
        "precision": 0.9940653750745753,
        "recall": 0.9136771624000692,
        "f1": 0.9521775745909529,
        "accuracy": 0.9459257243912393,
        "auc_roc": 0.9839971174451227,
        "auc_pr": 0.9914023811903208,
        "average_precision": 0.9914023811903208,
        "true_positives": 31658,
        "true_negatives": 23970,
        "false_positives": 189,
        "false_negatives": 2991,
        "mean_normal_error": 4.2045386026518977e-07,
        "mean_anomaly_error": 0.21162591039062872,
        "std_normal_error": 2.995581952176238e-07,
        "std_anomaly_error": 0.24405358841379401,
        "separability": 0.9999985844910683
      }
    },
    "std_5": {
      "threshold": 1.7796544961670302e-06,
      "metrics": {
        "precision": 0.9952779362362933,
        "recall": 0.9063753643683801,
        "f1": 0.9487485461383925,
        "accuracy": 0.9423037681948034,
        "auc_roc": 0.9839971174451227,
        "auc_pr": 0.9914023811903208,
        "average_precision": 0.9914023811903208,
        "true_positives": 31405,
        "true_negatives": 24010,
        "false_positives": 149,
        "false_negatives": 3244,
        "mean_normal_error": 4.2045386026518977e-07,
        "mean_anomaly_error": 0.21162591039062872,
        "std_normal_error": 2.995581952176238e-07,
        "std_anomaly_error": 0.24405358841379401,
        "separability": 0.9999985844910683
      }
    },
    "f1": {
      "threshold": 9.811204478554831e-07,
      "metrics": {
        "precision": 0.9845307873587528,
        "recall": 0.9404600421368582,
        "f1": 0.9619909368680531,
        "accuracy": 0.956213440348252,
        "auc_roc": 0.9839971174451227,
        "auc_pr": 0.9914023811903208,
        "average_precision": 0.9914023811903208,
        "true_positives": 32586,
        "true_negatives": 23647,
        "false_positives": 512,
        "false_negatives": 2063,
        "mean_normal_error": 4.2045386026518977e-07,