{
  "threshold": 0.887057900428772,
  "method": "centroid_p90_k5",
  "f1_test": 0.7471264367816092
}