{
  "threshold": 0.5856107473373413,
  "method": "knn_p95_k1",
  "f1_test": 0.7406616862326574
}