{
  "loss": [
    7.443094730377197,
    1.1261427402496338,
    1.1172877550125122,
    1.113029956817627,
    1.1139205694198608,
    1.107527494430542,
    1.0929250717163086,
    0.956492006778717,
    0.19223925471305847,
    0.09399822354316711,
    0.06930239498615265,
    0.05019548907876015,
    0.0381721667945385,
    0.032665953040122986,
    0.029369477182626724,
    0.026073338463902473,
    0.021861426532268524,
    0.01665768213570118,
    0.011323231272399426,
    0.007771448232233524
  ],
  "reconstruction_loss": [
    0.3694364130496979,
    0.0561753511428833,
    0.05579013004899025,
    0.05560450255870819,
    0.0556638240814209,
    0.055341653525829315,
    0.054600056260824203,
    0.04765790328383446,
    0.009545806795358658,
    0.004688010085374117,
    0.0034514786675572395,
    0.0025003605987876654,
    0.0018999655731022358,
    0.0016257392708212137,
    0.0014610511716455221,
    0.0012927561765536666,
    0.0010838895104825497,
    0.0008205950725823641,
    0.0005522972787730396,
    0.0003786181623581797
  ],
  "contrastive_loss": [
    0.05436549335718155,
    0.002635770943015814,
    0.0014852506574243307,
    0.0009399742702953517,
    0.0006441410514526069,
    0.0006942040636204183,
    0.0009240252547897398,
    0.0033337329514324665,
    0.0013231136836111546,
    0.0002380081423325464,
    0.000272804667474702,
    0.00018828324391506612,
    0.00017285773355979472,
    0.00015115825226530433,
    0.00014845367695670575,
    0.00021821849804837257,
    0.00018363652634434402,
    0.00024577713338658214,
    0.00027728293207474053,
    0.0001990869641304016
  ],
  "val_loss": [
    1.844037196852944,
    1.555418935689059,
    1.2978735186836936,
    1.372922658920288,
    1.3464988253333352,
    1.30302725055001,
    1.3639258471402256,
    0.7763210751793601,
    0.405922225930474,
    0.2667741409756921,
    0.24282302504236047,
    0.20747267658060248,
    0.1614809198813005,
    0.14387524331157858,
    0.11375034058635886,
    0.0922578600319949,
    0.07977557250044563,
    0.059034593742002144,
    0.05184613032774492,
    0.04675780507651242
  ],
  "val_reconstruction_loss": [
    0.058459989726543427,
    0.055564168163321236,
    0.055448355322534386,
    0.055524261498993095,
    0.055246975950219414,
    0.054822463880885734,
    0.053803188556974586,
    0.021972875534133476,
    0.004996680908582427,
    0.00366372750564055,
    0.0026931791269982405,
    0.001973438521169803,
    0.0016429167219691656,
    0.0014728397998789494,
    0.0013452964432706888,
    0.0011706404197453098,
    0.0009518127772025764,
    0.0006558195137503473,
    0.0004258097853215242,
    0.00029762152751738375
  ],
  "val_contrastive_loss": [
    0.6748374158685858,
    0.4441355521028692,
    0.18890643390742215,
    0.2624374330043793,
    0.24155930361964487,
    0.2065779905427586,
    0.2878621139309623,
    0.336863558400761,
    0.305988608436151,
    0.19349959086288104,
    0.18895944275639273,
    0.16800390590320935,
    0.12862258539958435,
    0.11441844769499519,
    0.08684441244060342,
    0.06884505227208138,
    0.06073931706222621,
    0.04591820321299813,
    0.043329934335567734,
    0.040805374018170616
  ]
}