{
  "precision": 0.13970588235294118,
  "recall": 0.15169660678642716,
  "f1": 0.14545454545454545,
  "accuracy": 0.5539460539460539,
  "auc_roc": 0.5014109023791192,
  "auc_pr": 0.22785941875213298,
  "average_precision": 0.22785941875213298,
  "true_positives": 76,
  "true_negatives": 1033,
  "false_positives": 468,
  "false_negatives": 425,
  "mean_normal_error": 1.7753108621815168,
  "mean_anomaly_error": 1.6964511754070162,
  "std_normal_error": 0.07356653231808286,
  "std_anomaly_error": 0.2673004842215055,
  "separability": 0.0,
  "threshold": 1.280145287513733,
  "threshold_method": "centroid_p70_k5",
  "all_thresholds": {
    "centroid_p70_k5": {
      "threshold": 1.280145287513733,
      "metrics": {
        "precision": 0.13970588235294118,
        "recall": 0.15169660678642716,
        "f1": 0.14545454545454545,
        "accuracy": 0.5539460539460539,
        "auc_roc": 0.5014109023791192,
        "auc_pr": 0.22785941875213298,
        "average_precision": 0.22785941875213298,
        "true_positives": 76,
        "true_negatives": 1033,
        "false_positives": 468,
        "false_negatives": 425,
        "mean_normal_error": 1.7753108621815168,
        "mean_anomaly_error": 1.6964511754070162,
        "std_normal_error": 0.07356653231808286,
        "std_anomaly_error": 0.2673004842215055,
        "separability": 0.0
      }
    }
  }
}