{
  "threshold": 1.280145287513733,
  "method": "centroid_p70_k5",
  "f1_test": 0.14545454545454545
}