{
  "threshold": 0.0530259869992733,
  "method": "knn_p95_k1",
  "f1_test": 0.8888888888888888
}