{"loss": [7.443094730377197, 1.1261427402496338, 1.1172877550125122, 1.113029956817627, 1.1139205694198608, 1.107527494430542, 1.0929250717163086, 0.956492006778717, 0.19223925471305847, 0.09399822354316711, 0.06930239498615265, 0.05019548907876015, 0.0381721667945385, 0.032665953040122986, 0.029369477182626724, 0.026073338463902473, 0.021861426532268524, 0.01665768213570118, 0.011323231272399426, 0.007771448232233524, 0.005050391424447298, 0.0037347194738686085, 0.0030244856607168913, 0.0025423471815884113, 0.002272225683555007, 0.002045842818915844, 0.0019128513522446156, 0.0017025964334607124, 0.001536831259727478, 0.0014504102291539311, 0.0013696217210963368, 0.0013196548679843545, 0.001422826200723648, 0.0013751554070040584, 0.001254816073924303, 0.00110179977491498, 0.0010418371530249715, 0.0011312217684462667, 0.0010206842562183738, 0.0014002373209223151], "reconstruction_loss": [0.3694364130496979, 0.0561753511428833, 0.05579013004899025, 0.05560450255870819, 0.0556638240814209, 0.055341653525829315, 0.054600056260824203, 0.04765790328383446, 0.009545806795358658, 0.004688010085374117, 0.0034514786675572395, 0.0025003605987876654, 0.0018999655731022358, 0.0016257392708212137, 0.0014610511716455221, 0.0012927561765536666, 0.0010838895104825497, 0.0008205950725823641, 0.0005522972787730396, 0.0003786181623581797, 0.0002446980797685683, 0.00018083309987559915, 0.00014573913358617574, 0.00012294633779674768, 0.00011026758147636428, 9.877346747089177e-05, 9.254222823074088e-05, 8.24978924356401e-05, 7.422604539897293e-05, 7.029141852399334e-05, 6.640801439061761e-05, 6.392075738403946e-05, 6.919316365383565e-05, 6.709976150887087e-05, 6.090850365580991e-05, 5.342717849998735e-05, 5.036494621890597e-05, 5.501576015376486e-05, 4.9559908802621067e-05, 6.857701373519376e-05], "contrastive_loss": [0.05436549335718155, 0.002635770943015814, 0.0014852506574243307, 0.0009399742702953517, 0.0006441410514526069, 0.0006942040636204183, 0.0009240252547897398, 0.0033337329514324665, 0.0013231136836111546, 0.0002380081423325464, 0.000272804667474702, 0.00018828324391506612, 0.00017285773355979472, 0.00015115825226530433, 0.00014845367695670575, 0.00021821849804837257, 0.00018363652634434402, 0.00024577713338658214, 0.00027728293207474053, 0.0001990869641304016, 0.00015642886864952743, 0.00011805727262981236, 0.00010970298171741888, 8.342101500602439e-05, 6.687496352242306e-05, 7.037381874397397e-05, 6.200623465701938e-05, 5.26388430444058e-05, 5.231022441876121e-05, 4.458179682842456e-05, 4.14611458836589e-05, 4.123920007259585e-05, 3.896281850757077e-05, 3.316010406706482e-05, 3.66461172234267e-05, 3.325608849991113e-05, 3.453847239143215e-05, 3.090637983405031e-05, 2.9486296625691466e-05, 2.869690979423467e-05], "val_loss": [1.844037196852944, 1.555418935689059, 1.2978735186836936, 1.372922658920288, 1.3464988253333352, 1.30302725055001, 1.3639258471402256, 0.7763210751793601, 0.405922225930474, 0.2667741409756921, 0.24282302504236047, 0.20747267658060248, 0.1614809198813005, 0.14387524331157858, 0.11375034058635886, 0.0922578600319949, 0.07977557250044563, 0.059034593742002144, 0.05184613032774492, 0.04675780507651242, 0.04687595570629293, 0.04850226945497773, 0.049443466419523414, 0.05060586519539356, 0.049365836110982025, 0.05692214146256447, 0.05520331791856072, 0.05095815658569336, 0.05427606742490421, 0.05440704659982161, 0.05480307374488224, 0.05075786364349452, 0.05522060258822008, 0.05456860702146183, 0.05514033883810043, 0.05571716617454182, 0.054281855848702515, 0.05707788027145646, 0.06288134238936684, 0.0543881587006829], "val_reconstruction_loss": [0.058459989726543427, 0.055564168163321236, 0.055448355322534386, 0.055524261498993095, 0.055246975950219414, 0.054822463880885734, 0.053803188556974586, 0.021972875534133476, 0.004996680908582427, 0.00366372750564055, 0.0026931791269982405, 0.001973438521169803, 0.0016429167219691656, 0.0014728397998789494, 0.0013452964432706888, 0.0011706404197453098, 0.0009518127772025764, 0.0006558195137503473, 0.0004258097853215242, 0.00029762152751738375, 0.0002069767413724383, 0.00016044382275801829, 0.000130804386571981, 0.00011705750710627234, 0.00010281372339126061, 9.092833021317016e-05, 8.192755062323572e-05, 7.76118348850022e-05, 7.191535802452232e-05, 6.616385375805707e-05, 6.490328021093525e-05, 6.051653855882416e-05, 5.9648147064515136e-05, 5.513594012220644e-05, 5.6153494700662456e-05, 5.180844990801151e-05, 4.8154688225953244e-05, 4.995935887563974e-05, 4.466390634082597e-05, 4.9425641588062384e-05], "val_contrastive_loss": [0.6748374158685858, 0.4441355521028692, 0.18890643390742215, 0.2624374330043793, 0.24155930361964487, 0.2065779905427586, 0.2878621139309623, 0.336863558400761, 0.305988608436151, 0.19349959086288104, 0.18895944275639273, 0.16800390590320935, 0.12862258539958435, 0.11441844769499519, 0.08684441244060342, 0.06884505227208138, 0.06073931706222621, 0.04591820321299813, 0.043329934335567734, 0.040805374018170616, 0.04273642057722265, 0.04529339329085567, 0.04682737893678925, 0.048264715312556786, 0.04730956154790791, 0.05510357394814491, 0.0535647664219141, 0.049405920234593476, 0.05283776094967669, 0.053083769299767235, 0.05350500819357959, 0.0495475327426737, 0.05402763932943344, 0.053465887904167175, 0.05401726947589354, 0.05468099665912715, 0.053318762305107986, 0.056078693067485634, 0.06198806417259303, 0.053399645469405434]}