{
  "threshold": 0.000939532183110714,
  "method": "knn_p70_k5",
  "f1_test": 0.3324764353041988
}