{"loss": [11.552026748657227, 11.491710662841797, 11.121322631835938, 10.848050117492676, 10.798463821411133, 10.824678421020508], "reconstruction_loss": [0.9970250725746155, 0.9967018961906433, 0.9964054226875305, 0.9960154294967651, 0.9955915212631226, 0.9950733780860901], "contrastive_loss": [3.163551092147827, 3.049384117126465, 2.314537286758423, 1.7757914066314697, 1.6850965023040771, 1.7478879690170288], "val_loss": [10.308860778808594, 10.306355476379395, 10.302040100097656, 10.297645568847656, 10.292600631713867, 10.286589622497559], "val_reconstruction_loss": [0.9962206482887268, 0.9959654211997986, 0.9955410957336426, 0.9951046705245972, 0.9945948719978333, 0.994001030921936], "val_contrastive_loss": [0.6933078765869141, 0.6934028267860413, 0.6932578086853027, 0.6931975483894348, 0.6933035850524902, 0.6931598782539368]}